,ChainID,StoreID,ItemCode,PromotionID,PromotionDescription,PromotionDescription2,PromotionStartDate,PromotionStartHour,PromotionEndDate,PromotionEndHour,MinPurchaseAmount,DiscountedPrice,DiscountedPricePerMida
0,72906,032,7290001670255,105775,2ב10 כוסות שתיה חמה הנמל,None,2019/09/01,06:00:00,2020/05/30,23:59:00,0,10,0
1,72906,032,7290104857041,108765,4ב10 כוסות שתיה קרה,None,2019/10/27,06:00:00,2020/05/30,23:59:00,0,10,0
2,72906,032,7290013083685,108769,2ב110 מטרנה אקסטרה קייר 700  מעל 100 מוגבל מימוש,None,2020/02/02,06:00:00,2020/05/30,23:59:00,100,110,7.86
3,72906,032,7290015220880,108772,2ב20 פחם 2קג,None,2019/10/27,06:00:00,2020/05/30,23:59:00,0,20,0.50
4,72906,032,7290015253055,108772,2ב20 פחם 2קג,None,2019/10/27,06:00:00,2020/05/30,23:59:00,0,20,0.50
5,72906,032,7290003107315,108777,4ב10 סולת דגן 1קג,None,2019/10/27,06:00:00,2020/05/30,23:00:00,0,10,10
6,72906,032,7290016150117,108786,2ב10 סלק וואקום,None,2020/04/21,06:00:00,2020/05/30,23:00:00,0,10,0
7,72906,032,7290003457946,108799,2ב15 מנגום/פסק זמן/סולרו בודד,None,2019/10/27,06:00:00,2020/05/30,23:59:00,0,15,0
8,72906,032,7290107649858,108799,2ב15 מנגום/פסק זמן/סולרו בודד,None,2019/10/27,06:00:00,2020/05/30,23:59:00,0,15,0
9,72906,032,8690637799839,108799,2ב15 מנגום/פסק זמן/סולרו בודד,None,2019/10/27,06:00:00,2020/05/30,23:59:00,0,15,0
10,72906,032,7290010676590,110720,2ב15.90ירקות קפואים 600-800 גר',None,2019/11/12,06:00:00,2020/05/30,23:59:00,0,15.90,0.99
11,72906,032,7290017616179,110720,2ב15.90ירקות קפואים 600-800 גר',None,2019/11/12,06:00:00,2020/05/30,23:59:00,0,15.90,0.99
12,72906,032,7290002409076,110873,2ב22 מלוואח/ג'חנון ציפור השרון,None,2019/11/18,06:00:00,2020/05/30,23:00:00,0,22,1.38
13,72906,032,7290003107346,113525,4ב10 קמח דגן 1 קג,None,2019/12/29,06:00:00,2020/05/30,23:59:00,0,10,10
14,72906,032,7290011447267,113527,44.90מטרנה חלבית/מהדרין מעל 100 מוגבל 2,None,2019/12/29,06:00:00,2020/05/30,23:59:00,100,44.90,6.41
15,72906,032,7290002007371,116451,2ב10פירורי לחם מוזהב 440 גר'/500 גר' הנמל,None,2020/03/01,06:00:00,2020/05/30,23:55:00,0,10,1
16,72906,032,7290001670064,116463,2 ב10סכום 100 יח' לבן הנמל-כפות/כפיות/מזלגות/סכינים,None,2020/03/01,06:00:00,2020/05/30,23:59:00,0,10,0
17,72906,032,7290001670071,116463,2 ב10סכום 100 יח' לבן הנמל-כפות/כפיות/מזלגות/סכינים,None,2020/03/01,06:00:00,2020/05/30,23:59:00,0,10,0
18,72906,032,7290002007982,116463,2 ב10סכום 100 יח' לבן הנמל-כפות/כפיות/מזלגות/סכינים,None,2020/03/01,06:00:00,2020/05/30,23:59:00,0,10,0.05
19,72906,032,835811000433,116464,"2ב14.90 סכו""ם 50 יח' שקוף-סכינים/מזלגות/כפיות/כפות הנמל",None,2020/03/01,06:00:00,2020/05/30,23:59:00,0,14.90,0
20,72906,032,835811008996,116471,8.90כוסות קרטון 50 10OZ יח`-הנמל,None,2020/03/01,06:00:00,2020/05/30,23:55:00,0,8.90,0
21,72906,032,7290001670651,116485,9.90מנגל חד פעמי הנמל,None,2020/03/01,06:00:00,2020/05/30,23:59:00,0,9.90,0
22,72906,032,835811005803,116487,2 ב20 שקיות אשפה עם ידית 25 יח - הנמל,None,2020/03/01,06:00:00,2020/05/30,23:55:00,0,20,0
23,72906,032,7290003411689,116496,3ב6ליפתן לבן 25 יח הנמל,None,2020/03/01,06:00:00,2020/05/30,23:59:00,0,6,0
24,72906,032,7290111351112,118866,2ב10צ'וקטה ביסקוויט סנדביץ' בטעם שוקולד במילוי וניל 176 גר',None,2020/04/16,06:00:00,2020/05/30,23:59:00,0,10,2.84
25,72906,032,7290111351556,118869,2ב10צ'וקטה חטיפי מיני קרקר 150 גר',None,2020/04/16,06:00:00,2020/05/30,23:59:00,0,10,3.33
26,72906,032,7290111351570,118869,2ב10צ'וקטה חטיפי מיני קרקר 150 גר',None,2020/04/16,06:00:00,2020/05/30,23:59:00,0,10,3.33
27,72906,032,7290003144945,118870,9.90צוקטה עוגה אישית,None,2020/04/16,06:00:00,2020/05/30,23:59:00,0,9.90,2.83
28,72906,032,7290003144761,118873,2ב12צ'וקטה שוקולד מריר 100 גר' 70%-85%,None,2020/04/16,06:00:00,2020/05/30,23:59:00,0,12,12
29,72906,032,7290003141159,118882,2ב12יוגטה שטיחים תותי פרוטי 220 גר'/מרשמלו 150-180 גר',None,2020/04/16,06:00:00,2020/05/30,23:59:00,0,12,0
30,72906,032,8683323041206,118882,2ב12יוגטה שטיחים תותי פרוטי 220 גר'/מרשמלו 150-180 גר',None,2020/04/16,06:00:00,2020/05/30,23:59:00,0,12,2.40
31,72906,032,8683323063024,118882,2ב12יוגטה שטיחים תותי פרוטי 220 גר'/מרשמלו 150-180 גר',None,2020/04/16,06:00:00,2020/05/30,23:59:00,0,12,2.73
32,72906,032,8693323099107,118882,2ב12יוגטה שטיחים תותי פרוטי 220 גר'/מרשמלו 150-180 גר',None,2020/04/16,06:00:00,2020/05/30,23:59:00,0,12,4
33,72906,032,7290900010664,118946,"2ב18ניוקי תפו""א/ניוקי בטטה 1 קג' אבאל",None,2020/04/19,06:00:00,2020/05/30,23:59:00,0,18,0.90
34,72906,032,5410658902420,118958,9.90קפסולות קפה Fortisimo,None,2020/04/19,06:00:00,2020/05/30,23:59:00,0,9.90,0
35,72906,032,5410658902819,118958,9.90קפסולות קפה Fortisimo,None,2020/04/19,06:00:00,2020/05/30,23:59:00,0,9.90,0
36,72906,032,5201360521241,118959,3ב10קרואסון אישי במילוי 60-65 גר' DAYS7,None,2020/04/19,06:00:00,2020/05/30,23:59:00,0,10,5.13
37,72906,032,7290013284105,118968,2ב15פריניר זיתים חרוזית מושחר/חרוזית ירוק/זיתים טריו,None,2020/04/19,06:00:00,2020/05/30,23:59:00,0,15,1.34
38,72906,032,7290002019794,118971,8ב10פריניר רסק עגבניות 100 גר',None,2020/04/19,06:00:00,2020/05/30,23:59:00,0,10,10
39,72906,032,7290002019787,118972,2ב5.90פריניר רסק עגבניות 260 גר',None,2020/04/19,06:00:00,2020/05/30,23:59:00,0,5.90,1.13
40,72906,032,7290002019114,118973,2ב11.90פריניר רסק עגבניות 580 גר'/מרוסקות 800 גר',None,2020/04/19,06:00:00,2020/05/30,23:59:00,0,11.90,1.03
41,72906,032,7290016087147,118974,2ב8.90פריניר רטבים 230-240 גר',None,2020/04/19,06:00:00,2020/05/30,23:59:00,0,8.90,1.93
42,72906,032,7290106576797,118986,17.90גלידות לה קרמריה נסטלה 1.4 ליטר,None,2020/04/16,06:00:00,2020/05/30,23:59:00,0,17.90,1.28
43,72906,032,7290106576919,118986,17.90גלידות לה קרמריה נסטלה 1.4 ליטר,None,2020/04/16,06:00:00,2020/05/30,23:59:00,0,17.90,1.28
44,72906,032,7290106576971,118986,17.90גלידות לה קרמריה נסטלה 1.4 ליטר,None,2020/04/16,06:00:00,2020/05/30,23:59:00,0,17.90,1.28
45,72906,032,7290107879569,118989,19.90מאגדות לה פרוטה 5 יח' נסטלה,None,2020/04/16,06:00:00,2020/05/30,23:59:00,0,19.90,28.43
46,72906,032,7290109354057,118989,19.90מאגדות לה פרוטה 5 יח' נסטלה,None,2020/04/16,06:00:00,2020/05/30,23:59:00,0,19.90,5.69
47,72906,032,7290015833127,119482,"2ב30ג'ל לניקוי ידיים 200 מ""ל",None,2020/05/03,06:00:00,2020/05/30,23:59:00,0,30,0
48,72906,032,8076802085738,119748,3ב15  פסטה ברילה 500 גר,None,2020/04/22,06:00:00,2020/05/30,23:59:00,0,15,1
49,72906,032,8076802085837,119748,3ב15  פסטה ברילה 500 גר,None,2020/04/22,06:00:00,2020/05/30,23:59:00,0,15,1
50,72906,032,8076802085981,119748,3ב15  פסטה ברילה 500 גר,None,2020/04/22,06:00:00,2020/05/30,23:59:00,0,15,1
51,72906,032,8076808060654,119748,3ב15  פסטה ברילה 500 גר,None,2020/04/22,06:00:00,2020/05/30,23:59:00,0,15,1
52,72906,032,884912014252,119769,2ב32דגני בוקר האני בנצ'ס פוסט,None,2020/05/03,06:00:00,2020/05/30,23:55:00,0,32,3.89
53,72906,032,884912259363,119769,2ב32דגני בוקר האני בנצ'ס פוסט,None,2020/05/03,06:00:00,2020/05/30,23:55:00,0,32,3.89
54,72906,032,7290000134550,119781,3ב12תבלינים בשקית 80 גר' טעם וריח,None,2020/05/03,06:00:00,2020/05/30,23:59:00,0,12,20
55,72906,032,7290015324038,119781,3ב12תבלינים בשקית 80 גר' טעם וריח,None,2020/05/03,06:00:00,2020/05/30,23:59:00,0,12,5
56,72906,032,7290015324045,119781,3ב12תבלינים בשקית 80 גר' טעם וריח,None,2020/05/03,06:00:00,2020/05/30,23:59:00,0,12,5
57,72906,032,7290015324052,119781,3ב12תבלינים בשקית 80 גר' טעם וריח,None,2020/05/03,06:00:00,2020/05/30,23:59:00,0,12,5
58,72906,032,7290015324120,119781,3ב12תבלינים בשקית 80 גר' טעם וריח,None,2020/05/03,06:00:00,2020/05/30,23:59:00,0,12,5
59,72906,032,7290015324151,119781,3ב12תבלינים בשקית 80 גר' טעם וריח,None,2020/05/03,06:00:00,2020/05/30,23:59:00,0,12,5
60,72906,032,7290015324168,119781,3ב12תבלינים בשקית 80 גר' טעם וריח,None,2020/05/03,06:00:00,2020/05/30,23:59:00,0,12,5
61,72906,032,7290015324175,119781,3ב12תבלינים בשקית 80 גר' טעם וריח,None,2020/05/03,06:00:00,2020/05/30,23:59:00,0,12,5
62,72906,032,7290015324007,119782,2ב15פלפל לבן 50 גר'/פלפל שחור 80 גר',None,2020/05/03,06:00:00,2020/05/30,23:59:00,0,15,9.38
63,72906,032,7290015324014,119782,2ב15פלפל לבן 50 גר'/פלפל שחור 80 גר',None,2020/05/03,06:00:00,2020/05/30,23:59:00,0,15,9.38
64,72906,032,7290015324205,119783,3ב12מרינדת עוף בטעמים תבליני טעם וריח,None,2020/05/03,23:29:00,2020/05/30,23:59:00,0,12,16
65,72906,032,7290015324250,119785,2ב16 כורכום 250/פפריקה 250גר' /מלח לימון 500גר' טעם וריח,None,2020/05/03,06:00:00,2020/05/30,23:59:00,0,16,3.20
66,72906,032,5904941751302,119786,"5ב11 משקה אנרגיה בלו 250 מ""ל פחית",None,2020/05/03,06:00:00,2020/05/30,23:55:00,0,11,0.76
67,72906,032,5904941751920,119787,"4ב10משקה אנרגיה בלו דיי 250 מ""ל פחית",None,2020/05/03,06:00:00,2020/05/30,23:59:00,0,10,0.88
68,72906,032,7290103243326,119795,2ב10עוגות שמרים עוג'לה 240 גר'/450גר',None,2020/05/03,06:00:00,2020/05/30,23:59:00,0,10,1.11
69,72906,032,7290004030032,119798,19.90סחוט 2 ליטר פרי ניב,None,2020/05/03,06:00:00,2020/05/30,23:59:00,0,19.90,0
70,72906,032,7290000416878,119812,20.90אבקת קקאו השחר 500 גר',None,2020/05/03,06:00:00,2020/05/30,23:59:00,0,20.90,4.18
71,72906,032,11210009387,119843,"9.90טבסקו 6 ס""ל",None,2020/05/03,06:00:00,2020/05/30,23:59:00,0,9.90,16.50
72,72906,032,7290002814016,119855,"10.90מסיר שומנים קר 750 מ""ל סנט מוריץ",None,2020/05/03,06:00:00,2020/05/30,23:55:00,0,10.90,1.45
73,72906,032,7290002814931,119862,9.90רצפות 4 ליטר סנט מוריץ,None,2020/05/03,06:00:00,2020/05/30,23:59:00,0,9.90,2.48
74,72906,032,3535,119866,69.90 מסיכת הגנה לפנים 50 יח,None,2020/04/23,06:00:00,2020/05/30,06:00:00,0,69.90,0
75,72906,032,7290014761612,119887,5ב15יולו מעדן שוקולד 123 גר',None,2020/05/03,06:00:00,2020/05/16,23:59:00,0,15,2.44
76,72906,032,7290000056883,119890,2ב45 יופלה שמינייה,None,2020/05/03,06:00:00,2020/05/16,23:55:00,0,45,1.88
77,72906,032,7290004129767,119891,2ב28 מאגדת שמינייה יופלה - תנובה,None,2020/05/03,06:00:00,2020/05/16,23:59:00,0,28,1.17
78,72906,032,7290014758117,119891,2ב28 מאגדת שמינייה יופלה - תנובה,None,2020/05/03,06:00:00,2020/05/16,23:59:00,0,28,1.17
79,72906,032,7290000040042,119893,6ב25יוגורט יופלה פרי 150 גר,None,2020/05/03,06:00:00,2020/05/16,23:59:00,0,25,2.78
80,72906,032,7290000040080,119893,6ב25יוגורט יופלה פרי 150 גר,None,2020/05/03,06:00:00,2020/05/16,23:59:00,0,25,2.78
81,72906,032,7290000057552,119893,6ב25יוגורט יופלה פרי 150 גר,None,2020/05/03,06:00:00,2020/05/16,23:59:00,0,25,2.78
82,72906,032,7290004120108,119893,6ב25יוגורט יופלה פרי 150 גר,None,2020/05/03,06:00:00,2020/05/16,23:59:00,0,25,2.78
83,72906,032,7290004124205,119893,6ב25יוגורט יופלה פרי 150 גר,None,2020/05/03,06:00:00,2020/05/16,23:59:00,0,25,2.78
84,72906,032,7290004126759,119893,6ב25יוגורט יופלה פרי 150 גר,None,2020/05/03,06:00:00,2020/05/16,23:59:00,0,25,2.78
85,72906,032,7290004130916,119893,6ב25יוגורט יופלה פרי 150 גר,None,2020/05/03,06:00:00,2020/05/16,23:59:00,0,25,2.78
86,72906,032,7290004131432,119894,6ב18יופלה קרם יוגורט תנובה 200 גרם,None,2020/05/03,06:00:00,2020/05/16,23:59:00,0,18,1.50
87,72906,032,7290000055329,119895,"4ב20משקאות יופלה 250 מ""ל-תנובה",None,2020/05/03,06:00:00,2020/05/16,23:55:00,0,20,2
88,72906,032,7290000055343,119895,"4ב20משקאות יופלה 250 מ""ל-תנובה",None,2020/05/03,06:00:00,2020/05/16,23:55:00,0,20,2
89,72906,032,7290110320683,119896,2ב25מאגדת יופלה שתיה,None,2020/05/03,06:00:00,2020/05/16,23:59:00,0,25,1388.89
90,72906,032,7290110323585,119898,"4ב20 יופלה משקה יוגורט 250 מ""ל GO-תנובה",None,2020/05/03,06:00:00,2020/05/16,23:55:00,0,20,2.50
91,72906,032,7290110324353,119898,"4ב20 יופלה משקה יוגורט 250 מ""ל GO-תנובה",None,2020/05/03,06:00:00,2020/05/16,23:55:00,0,20,2.50
92,72906,032,7290110325732,119899,"4ב16יופלה 150 מ""ל GO",None,2020/05/03,06:00:00,2020/05/16,23:59:00,0,16,2.67
93,72906,032,7290010328246,119900,2ב18טחינה 500 גר' אחוה (לא כולל מתובלת),None,2020/05/03,06:00:00,2020/05/30,23:59:00,0,18,1.80
94,72906,032,7290010328253,119900,2ב18טחינה 500 גר' אחוה (לא כולל מתובלת),None,2020/05/03,06:00:00,2020/05/30,23:59:00,0,18,1.80
95,72906,032,7290010328239,119901,9.90טחינה 500 גר' מתובלת אחוה,None,2020/05/03,06:00:00,2020/05/30,23:59:00,0,9.90,1.98
96,72906,032,7290000572819,119902,17.90טחינה גולמית בפלסטיק 1קג' אחוה,None,2020/05/03,06:00:00,2020/05/30,23:59:00,0,17.90,17.90
97,72906,032,2074,120031,2ב15 עגבניות שרי ארוזות,None,2020/04/30,06:00:00,2020/05/04,23:00:00,0,15,0
98,72906,032,2053,120032,2ב15 שום יבש ארוז,None,2020/04/30,06:00:00,2020/05/04,23:55:00,0,15,0
99,72906,032,560915,120036,2ב99 דג דניס טרי שלם נקי מעל 100 מוגבל מימוש,None,2020/05/03,06:00:00,2020/05/09,23:00:00,100,99,0
100,72906,032,4194536,120077,29.90כרעיים/חזה/ירכיים עוף טרי ארוז מחפוד מעל  100,None,2020/05/03,06:00:00,2020/05/30,23:55:00,100,29.90,0
101,72906,032,4194543,120077,29.90כרעיים/חזה/ירכיים עוף טרי ארוז מחפוד מעל  100,None,2020/05/03,06:00:00,2020/05/30,23:55:00,100,29.90,0
102,72906,032,3187140,120079,49.90סינטה עגל מצונן רבנות חלק מעל 100,None,2020/05/03,06:00:00,2020/05/30,23:30:00,100,49.90,0
103,72906,032,16000281684,208781,5%למשלמים בכרטיס אשראי ויקטורי,None,2020/02/04,06:00:00,2020/05/30,23:59:00,0,18.91,9
104,72906,032,16000548404,208781,5%למשלמים בכרטיס אשראי ויקטורי,None,2020/02/04,06:00:00,2020/05/30,23:59:00,0,18.91,10.81
105,72906,032,16000548909,208781,5%למשלמים בכרטיס אשראי ויקטורי,None,2020/02/04,06:00:00,2020/05/30,23:59:00,0,18.91,9
106,72906,032,38527591145,208781,5%למשלמים בכרטיס אשראי ויקטורי,None,2020/02/04,06:00:00,2020/05/30,23:59:00,0,18.91,5.33
107,72906,032,4011800622510,208781,5%למשלמים בכרטיס אשראי ויקטורי,None,2020/02/04,06:00:00,2020/05/30,23:59:00,0,2.38,4.76
108,72906,032,4011800625511,208781,5%למשלמים בכרטיס אשראי ויקטורי,None,2020/02/04,06:00:00,2020/05/30,23:59:00,0,2.38,4.76
109,72906,032,4011800632519,208781,5%למשלמים בכרטיס אשראי ויקטורי,None,2020/02/04,06:00:00,2020/05/30,23:59:00,0,11.31,7.54
110,72906,032,4011800633516,208781,5%למשלמים בכרטיס אשראי ויקטורי,None,2020/02/04,06:00:00,2020/05/30,23:59:00,0,11.31,7.54
111,72906,032,5900020024770,208781,5%למשלמים בכרטיס אשראי ויקטורי,None,2020/02/04,06:00:00,2020/05/30,23:59:00,0,15.11,11.19
112,72906,032,5900020026552,208781,5%למשלמים בכרטיס אשראי ויקטורי,None,2020/02/04,06:00:00,2020/05/30,23:59:00,0,25.56,4.09
113,72906,032,5900020034021,208781,5%למשלמים בכרטיס אשראי ויקטורי,None,2020/02/04,06:00:00,2020/05/30,23:59:00,0,15.11,10.72
114,72906,032,7290000480107,208781,5%למשלמים בכרטיס אשראי ויקטורי,None,2020/02/04,06:00:00,2020/05/30,23:59:00,0,11.31,2.26
115,72906,032,7290003411832,208781,5%למשלמים בכרטיס אשראי ויקטורי,None,2020/02/04,06:00:00,2020/05/30,23:59:00,0,9.50,2.38
116,72906,032,7290008989169,208781,5%למשלמים בכרטיס אשראי ויקטורי,None,2020/02/04,06:00:00,2020/05/30,23:59:00,0,15.20,3.04
117,72906,032,7290106577961,208781,5%למשלמים בכרטיס אשראי ויקטורי,None,2020/02/04,06:00:00,2020/05/30,23:59:00,0,17.01,5
118,72906,032,7290107647816,208781,5%למשלמים בכרטיס אשראי ויקטורי,None,2020/02/04,06:00:00,2020/05/30,23:59:00,0,21.76,4.35
119,72906,032,7290107647854,208781,5%למשלמים בכרטיס אשראי ויקטורי,None,2020/02/04,06:00:00,2020/05/30,23:59:00,0,17.96,3.59
120,72906,032,7290110563912,208781,5%למשלמים בכרטיס אשראי ויקטורי,None,2020/02/04,06:00:00,2020/05/30,23:59:00,0,14.16,9.83
121,72906,032,7290112494023,208781,5%למשלמים בכרטיס אשראי ויקטורי,None,2020/02/04,06:00:00,2020/05/30,23:59:00,0,20.81,10.41
122,72906,032,7290112494344,208781,5%למשלמים בכרטיס אשראי ויקטורי,None,2020/02/04,06:00:00,2020/05/30,23:59:00,0,17.96,2.11
123,72906,032,7290112494351,208781,5%למשלמים בכרטיס אשראי ויקטורי,None,2020/02/04,06:00:00,2020/05/30,23:59:00,0,17.96,2.11
124,72906,032,7290112495006,208781,5%למשלמים בכרטיס אשראי ויקטורי,None,2020/02/04,06:00:00,2020/05/30,23:59:00,0,23.66,3.45
125,72906,032,7290112495020,208781,5%למשלמים בכרטיס אשראי ויקטורי,None,2020/02/04,06:00:00,2020/05/30,23:59:00,0,28.41,4.14
126,72906,032,7290112495037,208781,5%למשלמים בכרטיס אשראי ויקטורי,None,2020/02/04,06:00:00,2020/05/30,23:59:00,0,20.81,5.55
127,72906,032,7290112495228,208781,5%למשלמים בכרטיס אשראי ויקטורי,None,2020/02/04,06:00:00,2020/05/30,23:59:00,0,16.06,3.32
128,72906,032,7290112495242,208781,5%למשלמים בכרטיס אשראי ויקטורי,None,2020/02/04,06:00:00,2020/05/30,23:59:00,0,16.06,3.58
129,72906,032,7290112495433,208781,5%למשלמים בכרטיס אשראי ויקטורי,None,2020/02/04,06:00:00,2020/05/30,23:59:00,0,21.76,5.44
130,72906,032,7613034792785,208781,5%למשלמים בכרטיס אשראי ויקטורי,None,2020/02/04,06:00:00,2020/05/30,23:59:00,0,22.71,4.02
131,72906,032,7613036727280,208781,5%למשלמים בכרטיס אשראי ויקטורי,None,2020/02/04,06:00:00,2020/05/30,23:59:00,0,25.56,5.33
132,72906,032,7613037012095,208781,5%למשלמים בכרטיס אשראי ויקטורי,None,2020/02/04,06:00:00,2020/05/30,23:59:00,0,15.11,5.04
133,72906,032,8410076600622,208781,5%למשלמים בכרטיס אשראי ויקטורי,None,2020/02/04,06:00:00,2020/05/30,23:59:00,0,18.91,9
134,72906,032,8410076620354,208781,5%למשלמים בכרטיס אשראי ויקטורי,None,2020/02/04,06:00:00,2020/05/30,23:59:00,0,18.91,9.95
135,72906,032,8423207207362,208781,5%למשלמים בכרטיס אשראי ויקטורי,None,2020/02/04,06:00:00,2020/05/30,23:59:00,0,10.36,8.63
136,72906,032,884912014252,208781,5%למשלמים בכרטיס אשראי ויקטורי,None,2020/02/04,06:00:00,2020/05/30,23:59:00,0,20.90,5.09
137,72906,032,884912259363,208781,5%למשלמים בכרטיס אשראי ויקטורי,None,2020/02/04,06:00:00,2020/05/30,23:59:00,0,20.90,5.09
138,72906,032,1714867,208782,5%למשלמים בכרטיס אשראי ויקטורי,None,2020/02/04,06:00:00,2020/05/30,23:59:00,0,47.41,0
139,72906,032,2447924,208782,5%למשלמים בכרטיס אשראי ויקטורי,None,2020/02/04,06:00:00,2020/05/30,23:59:00,0,47.41,0
140,72906,032,2507024,208782,5%למשלמים בכרטיס אשראי ויקטורי,None,2020/02/04,06:00:00,2020/05/30,23:59:00,0,56.91,56.91
141,72906,032,2757177,208782,5%למשלמים בכרטיס אשראי ויקטורי,None,2020/02/04,06:00:00,2020/05/30,23:59:00,0,94.05,0
142,72906,032,3187140,208782,5%למשלמים בכרטיס אשראי ויקטורי,None,2020/02/04,06:00:00,2020/05/30,23:59:00,0,66.41,0
143,72906,032,45979,208782,5%למשלמים בכרטיס אשראי ויקטורי,None,2020/02/04,06:00:00,2020/05/30,23:59:00,0,47.41,47.41
144,72906,032,2002,208783,5%למשלמים בכרטיס אשראי ויקטורי,None,2020/02/04,06:00:00,2020/05/30,23:59:00,0,5.61,0
145,72906,032,2003,208783,5%למשלמים בכרטיס אשראי ויקטורי,None,2020/02/04,06:00:00,2020/05/30,23:59:00,0,15.11,0
146,72906,032,2004,208783,5%למשלמים בכרטיס אשראי ויקטורי,None,2020/02/04,06:00:00,2020/05/30,23:59:00,0,5.61,0
147,72906,032,2007,208783,5%למשלמים בכרטיס אשראי ויקטורי,None,2020/02/04,06:00:00,2020/05/30,23:59:00,0,8.46,0
148,72906,032,2009,208783,5%למשלמים בכרטיס אשראי ויקטורי,None,2020/02/04,06:00:00,2020/05/30,23:59:00,0,8.46,0
149,72906,032,2010,208783,5%למשלמים בכרטיס אשראי ויקטורי,None,2020/02/04,06:00:00,2020/05/30,23:59:00,0,4.66,0
150,72906,032,2014,208783,5%למשלמים בכרטיס אשראי ויקטורי,None,2020/02/04,06:00:00,2020/05/30,23:59:00,0,4.66,0
151,72906,032,2016,208783,5%למשלמים בכרטיס אשראי ויקטורי,None,2020/02/04,06:00:00,2020/05/30,23:59:00,0,9.41,0
152,72906,032,2017,208783,5%למשלמים בכרטיס אשראי ויקטורי,None,2020/02/04,06:00:00,2020/05/30,23:59:00,0,9.41,0
153,72906,032,2019,208783,5%למשלמים בכרטיס אשראי ויקטורי,None,2020/02/04,06:00:00,2020/05/30,23:59:00,0,5.61,0
154,72906,032,2020,208783,5%למשלמים בכרטיס אשראי ויקטורי,None,2020/02/04,06:00:00,2020/05/30,23:59:00,0,4.66,0
155,72906,032,2021,208783,5%למשלמים בכרטיס אשראי ויקטורי,None,2020/02/04,06:00:00,2020/05/30,23:59:00,0,6.56,0
156,72906,032,2024,208783,5%למשלמים בכרטיס אשראי ויקטורי,None,2020/02/04,06:00:00,2020/05/30,23:59:00,0,3.71,0
157,72906,032,2025,208783,5%למשלמים בכרטיס אשראי ויקטורי,None,2020/02/04,06:00:00,2020/05/30,23:59:00,0,9.41,0
158,72906,032,2027,208783,5%למשלמים בכרטיס אשראי ויקטורי,None,2020/02/04,06:00:00,2020/05/30,23:59:00,0,9.41,0
159,72906,032,2028,208783,5%למשלמים בכרטיס אשראי ויקטורי,None,2020/02/04,06:00:00,2020/05/30,23:59:00,0,5.61,0
160,72906,032,2029,208783,5%למשלמים בכרטיס אשראי ויקטורי,None,2020/02/04,06:00:00,2020/05/30,23:59:00,0,4.66,0
161,72906,032,2033,208783,5%למשלמים בכרטיס אשראי ויקטורי,None,2020/02/04,06:00:00,2020/05/30,23:59:00,0,9.41,0
162,72906,032,2034,208783,5%למשלמים בכרטיס אשראי ויקטורי,None,2020/02/04,06:00:00,2020/05/30,23:59:00,0,9.41,0
163,72906,032,2035,208783,5%למשלמים בכרטיס אשראי ויקטורי,None,2020/02/04,06:00:00,2020/05/30,23:59:00,0,5.61,0
164,72906,032,2036,208783,5%למשלמים בכרטיס אשראי ויקטורי,None,2020/02/04,06:00:00,2020/05/30,23:59:00,0,4.66,0
165,72906,032,2039,208783,5%למשלמים בכרטיס אשראי ויקטורי,None,2020/02/04,06:00:00,2020/05/30,23:59:00,0,7.51,0
166,72906,032,2040,208783,5%למשלמים בכרטיס אשראי ויקטורי,None,2020/02/04,06:00:00,2020/05/30,23:59:00,0,9.41,0
167,72906,032,2041,208783,5%למשלמים בכרטיס אשראי ויקטורי,None,2020/02/04,06:00:00,2020/05/30,23:59:00,0,12.26,0
168,72906,032,2046,208783,5%למשלמים בכרטיס אשראי ויקטורי,None,2020/02/04,06:00:00,2020/05/30,23:59:00,0,6.56,0
169,72906,032,2047,208783,5%למשלמים בכרטיס אשראי ויקטורי,None,2020/02/04,06:00:00,2020/05/30,23:59:00,0,6.56,0
170,72906,032,2048,208783,5%למשלמים בכרטיס אשראי ויקטורי,None,2020/02/04,06:00:00,2020/05/30,23:59:00,0,6.56,0
171,72906,032,2049,208783,5%למשלמים בכרטיס אשראי ויקטורי,None,2020/02/04,06:00:00,2020/05/30,23:59:00,0,12.26,0
172,72906,032,2053,208783,5%למשלמים בכרטיס אשראי ויקטורי,None,2020/02/04,06:00:00,2020/05/30,23:59:00,0,9.50,0
173,72906,032,2054,208783,5%למשלמים בכרטיס אשראי ויקטורי,None,2020/02/04,06:00:00,2020/05/30,23:59:00,0,6.56,0
174,72906,032,2058,208783,5%למשלמים בכרטיס אשראי ויקטורי,None,2020/02/04,06:00:00,2020/05/30,23:59:00,0,3.71,0
175,72906,032,2059,208783,5%למשלמים בכרטיס אשראי ויקטורי,None,2020/02/04,06:00:00,2020/05/30,23:59:00,0,5.61,0
176,72906,032,2060,208783,5%למשלמים בכרטיס אשראי ויקטורי,None,2020/02/04,06:00:00,2020/05/30,23:59:00,0,9.41,0
177,72906,032,2061,208783,5%למשלמים בכרטיס אשראי ויקטורי,None,2020/02/04,06:00:00,2020/05/30,23:59:00,0,7.51,0
178,72906,032,2063,208783,5%למשלמים בכרטיס אשראי ויקטורי,None,2020/02/04,06:00:00,2020/05/30,23:59:00,0,12.26,0
179,72906,032,2064,208783,5%למשלמים בכרטיס אשראי ויקטורי,None,2020/02/04,06:00:00,2020/05/30,23:59:00,0,4.66,0
180,72906,032,2067,208783,5%למשלמים בכרטיס אשראי ויקטורי,None,2020/02/04,06:00:00,2020/05/30,23:59:00,0,7.51,0
181,72906,032,2072,208783,5%למשלמים בכרטיס אשראי ויקטורי,None,2020/02/04,06:00:00,2020/05/30,23:59:00,0,5.61,0
182,72906,032,2074,208783,5%למשלמים בכרטיס אשראי ויקטורי,None,2020/02/04,06:00:00,2020/05/30,23:59:00,0,9.41,0
183,72906,032,2082,208783,5%למשלמים בכרטיס אשראי ויקטורי,None,2020/02/04,06:00:00,2020/05/30,23:59:00,0,14.16,0
184,72906,032,2086,208783,5%למשלמים בכרטיס אשראי ויקטורי,None,2020/02/04,06:00:00,2020/05/30,23:59:00,0,18.91,0
185,72906,032,2090,208783,5%למשלמים בכרטיס אשראי ויקטורי,None,2020/02/04,06:00:00,2020/05/30,23:59:00,0,18.91,0
186,72906,032,2095,208783,5%למשלמים בכרטיס אשראי ויקטורי,None,2020/02/04,06:00:00,2020/05/30,23:59:00,0,28.41,0
187,72906,032,2098,208783,5%למשלמים בכרטיס אשראי ויקטורי,None,2020/02/04,06:00:00,2020/05/30,23:59:00,0,14.16,0
188,72906,032,2113,208783,5%למשלמים בכרטיס אשראי ויקטורי,None,2020/02/04,06:00:00,2020/05/30,23:59:00,0,7.51,0
189,72906,032,2120,208783,5%למשלמים בכרטיס אשראי ויקטורי,None,2020/02/04,06:00:00,2020/05/30,23:59:00,0,4.66,0
190,72906,032,2144,208783,5%למשלמים בכרטיס אשראי ויקטורי,None,2020/02/04,06:00:00,2020/05/30,23:59:00,0,7.51,0
191,72906,032,2177,208783,5%למשלמים בכרטיס אשראי ויקטורי,None,2020/02/04,06:00:00,2020/05/30,23:59:00,0,28.41,0
192,72906,032,2186,208783,5%למשלמים בכרטיס אשראי ויקטורי,None,2020/02/04,06:00:00,2020/05/30,23:59:00,0,12.26,0
193,72906,032,4050328191948,208783,5%למשלמים בכרטיס אשראי ויקטורי,None,2020/02/04,06:00:00,2020/05/30,23:59:00,0,18.91,0
194,72906,032,7290000000374,208783,5%למשלמים בכרטיס אשראי ויקטורי,None,2020/02/04,06:00:00,2020/05/30,23:59:00,0,9.41,0
195,72906,032,7290005610509,208783,5%למשלמים בכרטיס אשראי ויקטורי,None,2020/02/04,06:00:00,2020/05/30,23:59:00,0,6.56,0
196,72906,032,7290008268004,208783,5%למשלמים בכרטיס אשראי ויקטורי,None,2020/02/04,06:00:00,2020/05/30,23:59:00,0,18.91,0
197,72906,032,7290008644235,208783,5%למשלמים בכרטיס אשראי ויקטורי,None,2020/02/04,06:00:00,2020/05/30,23:59:00,0,9.41,7.84
198,72906,032,7290010051021,208783,5%למשלמים בכרטיס אשראי ויקטורי,None,2020/02/04,06:00:00,2020/05/30,23:59:00,0,4.66,0
199,72906,032,7290010051052,208783,5%למשלמים בכרטיס אשראי ויקטורי,None,2020/02/04,06:00:00,2020/05/30,23:59:00,0,3.71,0
200,72906,032,7290010051076,208783,5%למשלמים בכרטיס אשראי ויקטורי,None,2020/02/04,06:00:00,2020/05/30,23:59:00,0,9.41,0
201,72906,032,7290010051090,208783,5%למשלמים בכרטיס אשראי ויקטורי,None,2020/02/04,06:00:00,2020/05/30,23:59:00,0,3.80,0
202,72906,032,7290010051113,208783,5%למשלמים בכרטיס אשראי ויקטורי,None,2020/02/04,06:00:00,2020/05/30,23:59:00,0,4.66,0
203,72906,032,7290010051144,208783,5%למשלמים בכרטיס אשראי ויקטורי,None,2020/02/04,06:00:00,2020/05/30,23:59:00,0,8.46,4.70
204,72906,032,7290010051182,208783,5%למשלמים בכרטיס אשראי ויקטורי,None,2020/02/04,06:00:00,2020/05/30,23:59:00,0,3.71,0
205,72906,032,7290010051199,208783,5%למשלמים בכרטיס אשראי ויקטורי,None,2020/02/04,06:00:00,2020/05/30,23:59:00,0,4.66,0
206,72906,032,7290010051205,208783,5%למשלמים בכרטיס אשראי ויקטורי,None,2020/02/04,06:00:00,2020/05/30,23:59:00,0,4.66,0
207,72906,032,7290010051267,208783,5%למשלמים בכרטיס אשראי ויקטורי,None,2020/02/04,06:00:00,2020/05/30,23:59:00,0,9.41,0
208,72906,032,7290010051298,208783,5%למשלמים בכרטיס אשראי ויקטורי,None,2020/02/04,06:00:00,2020/05/30,23:59:00,0,4.66,0
209,72906,032,7290010051335,208783,5%למשלמים בכרטיס אשראי ויקטורי,None,2020/02/04,06:00:00,2020/05/30,23:59:00,0,5.70,0
210,72906,032,7290010051373,208783,5%למשלמים בכרטיס אשראי ויקטורי,None,2020/02/04,06:00:00,2020/05/30,23:59:00,0,9.41,0
211,72906,032,7290011108007,208783,5%למשלמים בכרטיס אשראי ויקטורי,None,2020/02/04,06:00:00,2020/05/30,23:59:00,0,4.66,0
212,72906,032,7290011108038,208783,5%למשלמים בכרטיס אשראי ויקטורי,None,2020/02/04,06:00:00,2020/05/30,23:59:00,0,4.66,0
213,72906,032,7290011108045,208783,5%למשלמים בכרטיס אשראי ויקטורי,None,2020/02/04,06:00:00,2020/05/30,23:59:00,0,5.70,0
214,72906,032,7290011108106,208783,5%למשלמים בכרטיס אשראי ויקטורי,None,2020/02/04,06:00:00,2020/05/30,23:59:00,0,4.75,0
215,72906,032,7290011108113,208783,5%למשלמים בכרטיס אשראי ויקטורי,None,2020/02/04,06:00:00,2020/05/30,23:59:00,0,5.61,0
216,72906,032,7290011108120,208783,5%למשלמים בכרטיס אשראי ויקטורי,None,2020/02/04,06:00:00,2020/05/30,23:59:00,0,5.61,0
217,72906,032,7290011725013,208783,5%למשלמים בכרטיס אשראי ויקטורי,None,2020/02/04,06:00:00,2020/05/30,23:59:00,0,4.66,0
218,72906,032,7290011725020,208783,5%למשלמים בכרטיס אשראי ויקטורי,None,2020/02/04,06:00:00,2020/05/30,23:59:00,0,4.66,0
219,72906,032,7290011725044,208783,5%למשלמים בכרטיס אשראי ויקטורי,None,2020/02/04,06:00:00,2020/05/30,23:59:00,0,5.61,0
220,72906,032,7290011725051,208783,5%למשלמים בכרטיס אשראי ויקטורי,None,2020/02/04,06:00:00,2020/05/30,23:59:00,0,5.61,0
221,72906,032,7290011725068,208783,5%למשלמים בכרטיס אשראי ויקטורי,None,2020/02/04,06:00:00,2020/05/30,23:59:00,0,5.61,0
222,72906,032,7290013215017,208783,5%למשלמים בכרטיס אשראי ויקטורי,None,2020/02/04,06:00:00,2020/05/30,23:59:00,0,14.25,0
223,72906,032,7290014092532,208783,5%למשלמים בכרטיס אשראי ויקטורי,None,2020/02/04,06:00:00,2020/05/30,23:59:00,0,9.41,0
224,72906,032,7290015855181,208783,5%למשלמים בכרטיס אשראי ויקטורי,None,2020/02/04,06:00:00,2020/05/30,23:59:00,0,10.36,0
225,72906,032,7290017918037,208783,5%למשלמים בכרטיס אשראי ויקטורי,None,2020/02/04,06:00:00,2020/05/30,23:59:00,0,14.25,0
226,72906,032,7290103408206,208783,5%למשלמים בכרטיס אשראי ויקטורי,None,2020/02/04,06:00:00,2020/05/30,23:59:00,0,9.41,3.76
227,72906,032,7290104065934,208783,5%למשלמים בכרטיס אשראי ויקטורי,None,2020/02/04,06:00:00,2020/05/30,23:59:00,0,9.41,6.27
228,72906,032,7290105368294,208783,5%למשלמים בכרטיס אשראי ויקטורי,None,2020/02/04,06:00:00,2020/05/30,23:59:00,0,12.26,10.22
229,72906,032,7290112334718,208783,5%למשלמים בכרטיס אשראי ויקטורי,None,2020/02/04,06:00:00,2020/05/30,23:59:00,0,12.26,1.75
230,72906,032,7290000201863,209267,29.90טיטולים פרימיום,None,2020/04/27,06:00:00,2020/05/30,23:59:00,0,29.90,0
231,72906,032,8000500075708,210154,13.90קינדר ג'וי שלישייה,None,2020/03/29,06:00:00,2020/05/30,23:59:00,0,13.90,23.17
232,72906,032,8000500121436,210155,2ב18קינדר בואנו שלישייה,None,2020/03/29,06:00:00,2020/05/30,23:59:00,0,18,7.69
233,72906,032,8000500214138,210155,2ב18קינדר בואנו שלישייה,None,2020/03/29,06:00:00,2020/05/30,23:59:00,0,18,6.98
234,72906,032,8000500268568,210155,2ב18קינדר בואנו שלישייה,None,2020/03/29,06:00:00,2020/05/30,23:59:00,0,18,6.98
235,72906,032,7290010173044,210175,"2ב66יינות רקנאטי יסמין/הרי גליל 750 מ""ל",None,2020/05/03,06:00:00,2020/05/30,23:59:00,0,66,4.36
236,72906,032,7290010173334,210175,"2ב66יינות רקנאטי יסמין/הרי גליל 750 מ""ל",None,2020/05/03,06:00:00,2020/05/30,23:59:00,0,66,4.36
237,72906,032,7290008670012,210177,2ב100יינות גליל אלון/רקנאטי קברנה מרלו-מרלו-שיראז,None,2020/05/03,06:00:00,2020/05/30,23:59:00,0,100,6.63
238,72906,032,4022025001905,210181,"54.90בלו ווין מבעבע 750 מ""ל",None,2020/05/03,06:00:00,2020/05/30,23:59:00,0,54.90,7.28
239,72906,032,4022025001929,210181,"54.90בלו ווין מבעבע 750 מ""ל",None,2020/05/03,06:00:00,2020/05/30,23:59:00,0,54.90,7.28
240,72906,032,7290014046474,210194,26.90נקניקיות עוף 1.5 קג' יחיעם,None,2020/05/03,06:00:00,2020/05/30,23:59:00,0,26.90,0
241,72906,032,7290005996009,210195,19.90סלמי גליל מעושן 400 גר' יחיעם,None,2020/05/03,06:00:00,2020/05/30,23:59:00,0,19.90,4.98
242,72906,032,7290000319803,210197,2ב22קבנוס 125 גר' יחיעם,None,2020/05/03,06:00:00,2020/05/30,23:59:00,0,22,8.80
243,72906,032,7290000319834,210197,2ב22קבנוס 125 גר' יחיעם,None,2020/05/03,06:00:00,2020/05/30,23:59:00,0,22,8.80
244,72906,032,7290002026983,210198,3ב50גלידות פיינטים בן אנד ג'ריס,None,2020/05/03,06:00:00,2020/05/30,23:59:00,0,50,3.33
245,72906,032,72986370,210198,3ב50גלידות פיינטים בן אנד ג'ריס,None,2020/05/03,06:00:00,2020/05/30,23:59:00,0,50,3.97
246,72906,032,72986424,210198,3ב50גלידות פיינטים בן אנד ג'ריס,None,2020/05/03,06:00:00,2020/05/30,23:59:00,0,50,3.97
247,72906,032,72986448,210198,3ב50גלידות פיינטים בן אנד ג'ריס,None,2020/05/03,06:00:00,2020/05/30,23:59:00,0,50,3.97
248,72906,032,72986455,210198,3ב50גלידות פיינטים בן אנד ג'ריס,None,2020/05/03,06:00:00,2020/05/30,23:59:00,0,50,3.97
249,72906,032,72989425,210198,3ב50גלידות פיינטים בן אנד ג'ריס,None,2020/05/03,06:00:00,2020/05/30,23:59:00,0,50,3.97
250,72906,032,768404001640,210198,3ב50גלידות פיינטים בן אנד ג'ריס,None,2020/05/03,06:00:00,2020/05/30,23:59:00,0,50,3.97
251,72906,032,8001090336408,210207,3ב85חיתולי פמפרס בייבי דריי 2-6,None,2020/05/03,06:00:00,2020/05/30,23:59:00,0,85,0
252,72906,032,8001090336446,210207,3ב85חיתולי פמפרס בייבי דריי 2-6,None,2020/05/03,06:00:00,2020/05/30,23:59:00,0,85,0
253,72906,032,8001090810281,210209,2ב28פנטן שמפו/מרכך,None,2020/05/03,06:00:00,2020/05/30,23:59:00,0,28,2.80
254,72906,032,4015600762902,210210,2ב35הד אנד שולדרס שמפו,None,2020/05/03,06:00:00,2020/05/30,23:59:00,0,35,3.50
255,72906,032,4084500088917,210215,"3ב25פיירי נוזל כלים 515-650 מ""ל",None,2020/05/03,06:00:00,2020/05/30,23:59:00,0,25,1.28
256,72906,032,4084500853744,210215,"3ב25פיירי נוזל כלים 515-650 מ""ל",None,2020/05/03,06:00:00,2020/05/30,23:59:00,0,25,1.62
257,72906,032,4084500854048,210216,14.90פיירי נוזל כלים 1.24-1.015 ליטר,None,2020/05/03,06:00:00,2020/05/30,23:59:00,0,14.90,12.02
258,72906,032,4084500920880,210216,14.90פיירי נוזל כלים 1.24-1.015 ליטר,None,2020/05/03,06:00:00,2020/05/30,23:59:00,0,14.90,12.02
259,72906,032,8001090033512,210220,44.90טייד אבקת כביסה 8 קג',None,2020/05/03,06:00:00,2020/05/30,23:59:00,0,44.90,0.56
260,72906,032,5410076379378,210221,29.90טייד אבקת כביסה 5 קג',None,2020/05/03,06:00:00,2020/05/30,23:59:00,0,29.90,0.60
261,72906,032,8001090740717,210222,2ב36מגן תחתון אולוויז מגה פק,None,2020/05/03,06:00:00,2020/05/30,23:59:00,0,36,0
262,72906,032,4015400731719,210225,2ב32תחבושות אולוויז וליו פק,None,2020/05/03,06:00:00,2020/05/30,23:59:00,0,32,0
263,72906,032,7290001247952,210230,"3ב16משק""ל תפוזינה 1.5 ליטר",None,2020/05/03,06:00:00,2020/05/30,23:59:00,0,16,0.36
264,72906,032,7290003608546,210230,"3ב16משק""ל תפוזינה 1.5 ליטר",None,2020/05/03,06:00:00,2020/05/30,23:59:00,0,16,0.36
265,72906,032,7290011051938,210230,"3ב16משק""ל תפוזינה 1.5 ליטר",None,2020/05/03,06:00:00,2020/05/30,23:59:00,0,16,0.36
266,72906,032,7290012404283,210230,"3ב16משק""ל תפוזינה 1.5 ליטר",None,2020/05/03,06:00:00,2020/05/30,23:59:00,0,16,0.36
267,72906,032,7290014791589,210230,"3ב16משק""ל תפוזינה 1.5 ליטר",None,2020/05/03,06:00:00,2020/05/30,23:59:00,0,16,0.36
268,72906,032,7290012404160,210231,2ב12שוופס מוגז פירות 1.5 ליטר,None,2020/05/03,06:00:00,2020/05/30,23:59:00,0,12,4
269,72906,032,7290013702463,210231,2ב12שוופס מוגז פירות 1.5 ליטר,None,2020/05/03,06:00:00,2020/05/30,23:59:00,0,12,0.40
270,72906,032,7290013702470,210231,2ב12שוופס מוגז פירות 1.5 ליטר,None,2020/05/03,06:00:00,2020/05/30,23:59:00,0,12,0.40
271,72906,032,7290016006735,210231,2ב12שוופס מוגז פירות 1.5 ליטר,None,2020/05/03,06:00:00,2020/05/30,23:59:00,0,12,0.40
272,72906,032,7290001247068,210238,2ב9.90קרטוניות ספרינג,None,2020/05/03,06:00:00,2020/05/18,23:59:00,0,9.90,0.50
273,72906,032,7290001247082,210238,2ב9.90קרטוניות ספרינג,None,2020/05/03,06:00:00,2020/05/18,23:59:00,0,9.90,0.50
274,72906,032,7290001247099,210238,2ב9.90קרטוניות ספרינג,None,2020/05/03,06:00:00,2020/05/18,23:59:00,0,9.90,0.50
275,72906,032,7290006644848,210238,2ב9.90קרטוניות ספרינג,None,2020/05/03,06:00:00,2020/05/18,23:59:00,0,9.90,0.50
276,72906,032,7290008757980,210238,2ב9.90קרטוניות ספרינג,None,2020/05/03,06:00:00,2020/05/18,23:59:00,0,9.90,0.50
277,72906,032,7290016006292,210238,2ב9.90קרטוניות ספרינג,None,2020/05/03,06:00:00,2020/05/18,23:59:00,0,9.90,0.50
278,72906,032,4005900036506,210257,12.90ניוואה דאו רול און לגבר ולאישה,None,2020/05/03,06:00:00,2020/05/30,23:59:00,0,12.90,25.80
279,72906,032,7290002692393,210265,"9.90שמן חמניות 1 ליטר מועשר ויטמין E ""עץ הזית""",None,2020/05/03,06:00:00,2020/05/30,23:59:00,0,9.90,9.90
280,72906,032,7290017142012,210266,"29.90שמן קוקוס אורגני 500 מ""ל ""עץ הזית""",None,2020/05/03,06:00:00,2020/05/30,23:59:00,0,29.90,5.98
281,72906,032,7290000178721,210267,8.90תפוצ'יפס 200 גר',None,2020/05/03,06:00:00,2020/05/30,23:59:00,0,8.90,4.45
282,72906,032,7290001817377,210268,6ב15דוריטוס 70 גר'/צ'יטוס 40-60 גר'/שוש 80 גר',None,2020/05/03,06:00:00,2020/05/30,23:59:00,0,15,4.17
283,72906,032,7290001817728,210268,6ב15דוריטוס 70 גר'/צ'יטוס 40-60 גר'/שוש 80 גר',None,2020/05/03,06:00:00,2020/05/30,23:59:00,0,15,4.55
284,72906,032,7290003153831,210268,6ב15דוריטוס 70 גר'/צ'יטוס 40-60 גר'/שוש 80 גר',None,2020/05/03,06:00:00,2020/05/30,23:59:00,0,15,3.13
285,72906,032,7290010117864,210268,6ב15דוריטוס 70 גר'/צ'יטוס 40-60 גר'/שוש 80 גר',None,2020/05/03,06:00:00,2020/05/30,23:59:00,0,15,3.57
286,72906,032,7290100850909,210268,6ב15דוריטוס 70 גר'/צ'יטוס 40-60 גר'/שוש 80 גר',None,2020/05/03,06:00:00,2020/05/30,23:59:00,0,15,3.57
287,72906,032,7290100850916,210268,6ב15דוריטוס 70 גר'/צ'יטוס 40-60 גר'/שוש 80 גר',None,2020/05/03,06:00:00,2020/05/30,23:59:00,0,15,3.57
288,72906,032,7290100850923,210268,6ב15דוריטוס 70 גר'/צ'יטוס 40-60 גר'/שוש 80 גר',None,2020/05/03,06:00:00,2020/05/30,23:59:00,0,15,3.57
289,72906,032,7290100850930,210268,6ב15דוריטוס 70 גר'/צ'יטוס 40-60 גר'/שוש 80 גר',None,2020/05/03,06:00:00,2020/05/30,23:59:00,0,15,3.57
290,72906,032,7290105369451,210268,6ב15דוריטוס 70 גר'/צ'יטוס 40-60 גר'/שוש 80 גר',None,2020/05/03,06:00:00,2020/05/30,23:59:00,0,15,4.55
291,72906,032,7290106653207,210269,9.90פיתה קראנצ'/באגט קראנצ' 300 גר' עלית,None,2020/05/03,06:00:00,2020/05/30,23:59:00,0,9.90,3.30
292,72906,032,7290000245089,210271,14.90סוד מרכך כביסה 4 ליטר,None,2020/05/03,06:00:00,2020/05/30,23:59:00,0,14.90,0.37
293,72906,032,7290017457710,210276,"2ב20סוד מרכך מרוכז 900 מ""ל/מרוכז 600 מ""ל",None,2020/05/03,06:00:00,2020/05/30,23:59:00,0,20,1.11
294,72906,032,7290100924631,210276,"2ב20סוד מרכך מרוכז 900 מ""ל/מרוכז 600 מ""ל",None,2020/05/03,06:00:00,2020/05/30,23:59:00,0,20,1.11
295,72906,032,5010677850100,210306,"109.90וודקה גרייגוס 700 מ""ל",None,2020/05/03,06:00:00,2020/05/30,23:59:00,0,109.90,15.66
296,72906,032,7290008801010,210321,"2ב70יינות סדרה פי.סי 500-750 מ""ל יקבי כרמל",None,2020/05/03,06:00:00,2020/05/30,23:59:00,0,70,4.63
297,72906,032,7290008801843,210324,"2ב50יינות סלקטד 750 מ""ל יקבי כרמל",None,2020/05/03,06:00:00,2020/05/30,23:59:00,0,50,3.29
298,72906,032,7290016437645,210334,39.90חיתולי האגיס פרידום דריי 3-6,None,2020/05/03,06:00:00,2020/05/30,23:59:00,0,39.90,0
299,72906,032,7290016437652,210334,39.90חיתולי האגיס פרידום דריי 3-6,None,2020/05/03,06:00:00,2020/05/30,23:59:00,0,39.90,0
300,72906,032,7290000195537,210338,17.90האגיס מגבונים רביעייה,None,2020/05/03,06:00:00,2020/05/30,23:59:00,0,17.90,0
301,72906,032,7290000195544,210338,17.90האגיס מגבונים רביעייה,None,2020/05/03,06:00:00,2020/05/30,23:59:00,0,17.90,0
302,72906,032,7290000195773,210338,17.90האגיס מגבונים רביעייה,None,2020/05/03,06:00:00,2020/05/30,23:59:00,0,17.90,0
303,72906,032,7290000188355,210347,10.90ניקול מגבות נייר 6 גלילים,None,2020/05/03,06:00:00,2020/05/30,23:59:00,0,10.90,0
304,72906,032,7290000204147,210348,2ב18ניקול מגוון,None,2020/05/03,06:00:00,2020/05/30,23:59:00,0,18,2.25
305,72906,032,7290000197340,210354,14.90ניקול רדיד אלומיניום 16 מיקרון,None,2020/05/03,06:00:00,2020/05/30,23:59:00,0,14.90,14.90
306,72906,032,5029053510828,210360,14.90קוטקס תחבושות,None,2020/05/03,06:00:00,2020/05/30,23:59:00,0,14.90,0
307,72906,032,7804414000860,210375,"2ב55יינות דון חוליו 750 מ""ל הכרם",None,2020/05/03,06:00:00,2020/05/30,23:59:00,0,55,3.63
308,72906,032,4100130937163,210380,"29.90בירה בקס 275 מ""ל שישייה",None,2020/05/03,06:00:00,2020/05/30,23:59:00,0,29.90,1.70
309,72906,032,7290107976862,210388,"14.90פלמוליב סבון נוזלי 500 מ""ל",None,2020/05/03,06:00:00,2020/05/30,23:59:00,0,14.90,2.98
310,72906,032,7290111931338,210388,"14.90פלמוליב סבון נוזלי 500 מ""ל",None,2020/05/03,06:00:00,2020/05/30,23:59:00,0,14.90,2.98
311,72906,032,7290001305188,210389,"9.90פלמוליב כלים שקוף 750 מ""ל",None,2020/05/03,06:00:00,2020/05/30,23:59:00,0,9.90,1.32
312,72906,032,7290111938467,210394,6.90מנה פריכיות אורז דקות 100 גר',None,2020/05/03,06:00:00,2020/05/30,23:59:00,0,6.90,6.90
313,72906,032,7290111938535,210396,3ב10חטיף פוף 40 גר'/פוף טבעות 50 גר',None,2020/05/03,06:00:00,2020/05/30,23:59:00,0,10,6.67
314,72906,032,7290114600156,210396,3ב10חטיף פוף 40 גר'/פוף טבעות 50 גר',None,2020/05/03,06:00:00,2020/05/30,23:59:00,0,10,6.67
315,72906,032,7290013358530,210398,"9.90מאסטר שף אסייתי רוטב צ'ילי 700 מ""ל",None,2020/05/03,06:00:00,2020/05/30,23:59:00,0,9.90,1.41
316,72906,032,7290105439581,210403,9.90מאסטר שף חרדל דיז'ון 370 גר',None,2020/05/03,06:00:00,2020/05/30,23:59:00,0,9.90,2.68
317,72906,032,8076809513395,210414,2ב20ברילה רטבים 400 גר',None,2020/05/03,06:00:00,2020/05/30,23:59:00,0,20,2.50
318,72906,032,46214731552,210415,2ב16מרבה עוגיות שוקולד צ'יפס,None,2020/05/03,06:00:00,2020/05/30,23:59:00,0,16,3.56
319,72906,032,8423207207362,210416,9.90מרבה סלים דליס,None,2020/05/03,06:00:00,2020/05/30,23:59:00,0,9.90,8.25
320,72906,032,5601008200468,210417,2ב10מרבה גודיס שוקולד/חטיפי גרנולה,None,2020/05/03,06:00:00,2020/05/30,23:59:00,0,10,3.33
321,72906,032,5411188110835,210419,11.90אלפרו 1 ליטר-שיבולת שועל/קוקוס ושקדים/אורז,None,2020/05/03,06:00:00,2020/05/30,23:59:00,0,11.90,1190
322,72906,032,5411188112709,210419,11.90אלפרו 1 ליטר-שיבולת שועל/קוקוס ושקדים/אורז,None,2020/05/03,06:00:00,2020/05/30,23:59:00,0,11.90,1190
323,72906,032,5411188118732,210419,11.90אלפרו 1 ליטר-שיבולת שועל/קוקוס ושקדים/אורז,None,2020/05/03,06:00:00,2020/05/30,23:59:00,0,11.90,1.19
324,72906,032,5411188120742,210419,11.90אלפרו 1 ליטר-שיבולת שועל/קוקוס ושקדים/אורז,None,2020/05/03,06:00:00,2020/05/30,23:59:00,0,11.90,1.19
325,72906,032,5411188122661,210419,11.90אלפרו 1 ליטר-שיבולת שועל/קוקוס ושקדים/אורז,None,2020/05/03,06:00:00,2020/05/30,23:59:00,0,11.90,11.90
326,72906,032,5411188126195,210419,11.90אלפרו 1 ליטר-שיבולת שועל/קוקוס ושקדים/אורז,None,2020/05/03,06:00:00,2020/05/30,23:59:00,0,11.90,1.19
327,72906,032,7290112495020,210420,19.90כריות 686 גר'-צ'וקולדה/וניל/בלאק תלמה,None,2020/05/03,06:00:00,2020/05/30,23:59:00,0,19.90,2.90
328,72906,032,7290112495433,210421,19.90דליפקאן 400 גר' תלמה,None,2020/05/03,06:00:00,2020/05/30,23:59:00,0,19.90,4.98
329,72906,032,7290107647854,210422,14.90דגני בוקר  ילדים 375-500 גר' תלמה-קוקומן/שוגי/עוגי,None,2020/05/03,06:00:00,2020/05/30,23:59:00,0,14.90,2.98
330,72906,032,7290112495037,210422,14.90דגני בוקר  ילדים 375-500 גר' תלמה-קוקומן/שוגי/עוגי,None,2020/05/03,06:00:00,2020/05/30,23:59:00,0,14.90,3.97
331,72906,032,7290107647816,210424,17.90ברנפלקס 500 גר' תלמה,None,2020/05/03,06:00:00,2020/05/30,23:59:00,0,17.90,3.58
332,72906,032,7290000116921,210430,2ב18קנור רטבים,None,2020/05/03,06:00:00,2020/05/30,23:59:00,0,18,2.65
333,72906,032,7290003807482,210430,2ב18קנור רטבים,None,2020/05/03,06:00:00,2020/05/30,23:59:00,0,18,3
334,72906,032,7290112494023,210431,17.90חטיף חלבון טוו גווו 200 גר',None,2020/05/03,06:00:00,2020/05/30,23:59:00,0,17.90,8.95
335,72906,032,7290112493873,210437,2ב22חטיף דגד דג 400 גר'/נשנושים תלמה,None,2020/05/03,06:00:00,2020/05/30,23:59:00,0,22,2.75
336,72906,032,7290112495167,210437,2ב22חטיף דגד דג 400 גר'/נשנושים תלמה,None,2020/05/03,06:00:00,2020/05/30,23:59:00,0,22,3.67
337,72906,032,7290107649100,210438,2ב15בייגלה בייגל בייגל עד 400 גר',None,2020/05/03,06:00:00,2020/05/30,23:59:00,0,15,2.50
338,72906,032,7290112491770,210438,2ב15בייגלה בייגל בייגל עד 400 גר',None,2020/05/03,06:00:00,2020/05/30,23:59:00,0,15,2.50
339,72906,032,7290112491794,210438,2ב15בייגלה בייגל בייגל עד 400 גר',None,2020/05/03,06:00:00,2020/05/30,23:59:00,0,15,2.50
340,72906,032,7290000110844,210440,3ב12חטיף כיפלי 50-70 גר',None,2020/05/03,06:00:00,2020/05/30,23:59:00,0,12,5.71
341,72906,032,7290000110851,210440,3ב12חטיף כיפלי 50-70 גר',None,2020/05/03,06:00:00,2020/05/30,23:59:00,0,12,5.71
342,72906,032,7290000113203,210440,3ב12חטיף כיפלי 50-70 גר',None,2020/05/03,06:00:00,2020/05/30,23:59:00,0,12,8
343,72906,032,7290112494269,210442,3ב15קליק שקיות/קליק טבלאות,None,2020/05/03,06:00:00,2020/05/30,23:59:00,0,15,7.69
344,72906,032,7290112494276,210442,3ב15קליק שקיות/קליק טבלאות,None,2020/05/03,06:00:00,2020/05/30,23:59:00,0,15,7.69
345,72906,032,7290112494290,210442,3ב15קליק שקיות/קליק טבלאות,None,2020/05/03,06:00:00,2020/05/30,23:59:00,0,15,6.67
346,72906,032,7290112494313,210442,3ב15קליק שקיות/קליק טבלאות,None,2020/05/03,06:00:00,2020/05/30,23:59:00,0,15,7.69
347,72906,032,7290112491558,210444,19.90טבלאות שוקולד ורד הגליל 100 גר' שישייה,None,2020/05/03,06:00:00,2020/05/30,23:59:00,0,19.90,3.32
348,72906,032,7290003047642,210445,2ב20תה ילו לייבל ליפטון,None,2020/05/03,06:00:00,2020/05/30,23:59:00,0,20,6.67
349,72906,032,8690637835643,210446,12.90ליפטון תה ירוק,None,2020/05/03,06:00:00,2020/05/30,23:59:00,0,12.90,43
350,72906,032,7290000120874,210450,9.90הלמנס מיונז אמיתי/לייט/לחיץ,None,2020/05/03,06:00:00,2020/05/30,23:59:00,0,9.90,2.08
351,72906,032,7290008021043,210458,2ב20פינוק שמפו/מרכך,None,2020/05/03,06:00:00,2020/05/30,23:59:00,0,20,1.43
352,72906,032,7290112492449,210458,2ב20פינוק שמפו/מרכך,None,2020/05/03,06:00:00,2020/05/30,23:59:00,0,20,1.43
353,72906,032,7290112492456,210458,2ב20פינוק שמפו/מרכך,None,2020/05/03,06:00:00,2020/05/30,23:59:00,0,20,1.43
354,72906,032,7290112492463,210458,2ב20פינוק שמפו/מרכך,None,2020/05/03,06:00:00,2020/05/30,23:59:00,0,20,1.43
355,72906,032,7290112492487,210458,2ב20פינוק שמפו/מרכך,None,2020/05/03,06:00:00,2020/05/30,23:59:00,0,20,1.43
356,72906,032,7290112492500,210458,2ב20פינוק שמפו/מרכך,None,2020/05/03,06:00:00,2020/05/30,23:59:00,0,20,1.43
357,72906,032,7290112492579,210458,2ב20פינוק שמפו/מרכך,None,2020/05/03,06:00:00,2020/05/30,23:59:00,0,20,1.43
358,72906,032,7290112492630,210458,2ב20פינוק שמפו/מרכך,None,2020/05/03,06:00:00,2020/05/30,23:59:00,0,20,1.43
359,72906,032,8712561594608,210462,"17.90דאב תחליב רחצה 750 מ""ל",None,2020/05/03,06:00:00,2020/05/30,23:59:00,0,17.90,2.39
360,72906,032,8712561626286,210462,"17.90דאב תחליב רחצה 750 מ""ל",None,2020/05/03,06:00:00,2020/05/30,23:59:00,0,17.90,2.39
361,72906,032,8000700000050,210463,2ב20דאב סבון מוצק 100 גר' רביעייה,None,2020/05/03,06:00:00,2020/05/30,23:59:00,0,20,2.50
362,72906,032,8712561594240,210466,"2ב20דאב תחליב רחצה 500 מ""ל",None,2020/05/03,06:00:00,2020/05/30,23:59:00,0,20,2
363,72906,032,8712561626200,210466,"2ב20דאב תחליב רחצה 500 מ""ל",None,2020/05/03,06:00:00,2020/05/30,23:59:00,0,20,2
364,72906,032,7290100243671,210470,"14.90בדין מרכך כביסה אקסטרא 960 מ""ל",None,2020/05/03,06:00:00,2020/05/30,23:59:00,0,14.90,1.55
365,72906,032,7290000114187,210477,19.90סיף ניקוי כללי 4 ליטר,None,2020/05/03,06:00:00,2020/05/30,23:59:00,0,19.90,0.50
366,72906,032,7290000449128,210477,19.90סיף ניקוי כללי 4 ליטר,None,2020/05/03,06:00:00,2020/05/30,23:59:00,0,19.90,0.50
367,72906,032,532400,210479,פסטרמות מעדנייה זוגלובק,None,2020/05/03,06:00:00,2020/05/30,23:59:00,0,18,7.20
368,72906,032,7290012227172,210481,26.90מארז חרמון כפרית דבש 300 גר'+ברביקיו 300 גר' זוגלובק,None,2020/05/03,06:00:00,2020/05/30,23:59:00,0,26.90,4.48
369,72906,032,7290000530703,210484,26.90מארז חרמון 400 גר'+תה 400 גר' זוגלובק,None,2020/05/03,06:00:00,2020/05/30,23:59:00,0,26.90,3.36
370,72906,032,7290012227998,210486,11.90נקניק/פסטרמה דק דק 120 גר' זוגלובק,None,2020/05/03,06:00:00,2020/05/30,23:59:00,0,11.90,9.92
371,72906,032,7290006739346,210490,11.90נקניקיות מבשר פרגיות 400 גר' זוגלובק,None,2020/05/03,06:00:00,2020/05/30,23:59:00,0,11.90,2.98
372,72906,032,7290000537566,210491,9.90נקניקיות עוף 400 גר' זוגלובק,None,2020/05/03,06:00:00,2020/05/30,23:59:00,0,9.90,2.48
373,72906,032,7290000530468,210492,24.90נקניקיות וינר/חריפות/עוף 1 קג' זוגלובק,None,2020/05/03,06:00:00,2020/05/30,23:59:00,0,24.90,24.90
374,72906,032,7290000537603,210492,24.90נקניקיות וינר/חריפות/עוף 1 קג' זוגלובק,None,2020/05/03,06:00:00,2020/05/30,23:59:00,0,24.90,24.90
375,72906,032,7290012226120,210493,2ב18קבנוס זוגלובק,None,2020/05/03,06:00:00,2020/05/30,23:59:00,0,18,6.67
376,72906,032,7290012228742,210494,2ב50קבב קצבים זוגלובק,None,2020/05/03,06:00:00,2020/05/30,23:59:00,0,50,5.56
377,72906,032,7290006739445,210497,2ב40שניצל תירס קלאסי 750 גר' זוגלובק,None,2020/05/03,06:00:00,2020/05/30,23:59:00,0,40,2.67
378,72906,032,7290000533353,210506,14.90בצק עלים 1 קג' זוגלובק,None,2020/05/03,06:00:00,2020/05/30,23:59:00,0,14.90,14.90
379,72906,032,7290006741387,210508,14.90מלוואח 700 גר' זוגלובק,None,2020/05/03,06:00:00,2020/05/30,23:59:00,0,14.90,2.13
380,72906,032,7290100700396,210514,9.90אורז יסמין 1 קג' סוגת,None,2020/05/03,06:00:00,2020/05/30,23:59:02,0,9.90,0.99
381,72906,032,7290003643714,210518,2ב12קטניות 500 גר' סוגת-חומוס/שעועית/כוסמת/אפונה,None,2020/05/03,06:00:00,2020/05/30,23:59:02,0,12,1.20
382,72906,032,7290003643813,210518,2ב12קטניות 500 גר' סוגת-חומוס/שעועית/כוסמת/אפונה,None,2020/05/03,06:00:00,2020/05/30,23:59:02,0,12,1.20
383,72906,032,7290003643776,210521,3ב12קטניות 500 גר' סוגת-גריסים/ג.פנינה/חיטה/פופקורן/בורגול,None,2020/05/03,06:00:00,2020/05/30,23:59:02,0,12,0.80
384,72906,032,7290100703663,210525,5.90קמח ללא ניפוי 1 קג' סוגת,None,2020/05/03,06:00:00,2020/05/30,23:59:00,0,5.90,0.59
385,72906,032,7290100700075,210527,4ב10פירורי לחם 200 גר' סוגת,None,2020/05/03,06:00:00,2020/05/30,23:59:00,0,10,1.25
386,72906,032,7290100700266,210527,4ב10פירורי לחם 200 גר' סוגת,None,2020/05/03,06:00:00,2020/05/30,23:59:00,0,10,1.25
387,72906,032,7290100701331,210529,5.90קמח שיפון/פיצה/לחם חיטה/חלה 1 קג' סוגת,None,2020/05/03,06:00:00,2020/05/30,23:59:00,0,5.90,5.90
388,72906,032,7290100701881,210529,5.90קמח שיפון/פיצה/לחם חיטה/חלה 1 קג' סוגת,None,2020/05/03,06:00:00,2020/05/30,23:59:00,0,5.90,5.90
389,72906,032,7290100702260,210531,3ב12קוסקוס 350 גר' סוגת,None,2020/05/03,06:00:00,2020/05/30,23:59:00,0,12,1.14
390,72906,032,7290100702284,210531,3ב12קוסקוס 350 גר' סוגת,None,2020/05/03,06:00:00,2020/05/30,23:59:00,0,12,1.14
391,72906,032,7290013267665,210542,19.90מאגדת גלידה סולרו שטראוס,None,2020/05/03,06:00:00,2020/05/30,23:59:00,0,19.90,4.15
392,72906,032,7290000288253,210548,21.90סנו K400/K500/פריטרום K/רב קוטל K,None,2020/05/03,06:00:00,2020/05/30,23:59:00,0,21.90,5.48
393,72906,032,7290000289069,210563,16.90סנו ז'אוול מרסס 1 ליטר,None,2020/05/03,06:00:00,2020/05/30,23:59:00,0,16.90,16.90
394,72906,032,7290107280723,210564,"6.90ספארק נוזל כלים 700 מ""ל",None,2020/05/03,06:00:00,2020/05/30,23:59:00,0,6.90,0.99
395,72906,032,7290000287430,210579,9.90סנובון אסלה ציבעוני שלישייה,None,2020/05/03,06:00:00,2020/05/30,23:59:00,0,9.90,6
396,72906,032,7290013268938,210579,9.90סנובון אסלה ציבעוני שלישייה,None,2020/05/03,06:00:00,2020/05/30,23:59:00,0,9.90,5.08
397,72906,032,7290000292687,210580,12.90סנובון אסלה כחול/ירוק שלישייה,None,2020/05/03,06:00:00,2020/05/30,23:59:00,0,12.90,7.82
398,72906,032,7290005430602,210595,16.90סנו אוקסיג'ן מרסס,None,2020/05/03,06:00:00,2020/05/30,23:59:00,0,16.90,2.25
399,72906,032,7290014397453,210596,26.90סנו אוקסיג'ן ג'ל 3 ליטר,None,2020/05/03,06:00:00,2020/05/30,23:59:00,0,26.90,8.97
400,72906,032,7290012117534,210598,16.90סנו מקסימה מרכך קומפקט 1 ליטר,None,2020/05/03,06:00:00,2020/05/30,23:59:00,0,16.90,1.69
401,72906,032,7290013268020,210598,16.90סנו מקסימה מרכך קומפקט 1 ליטר,None,2020/05/03,06:00:00,2020/05/30,23:59:00,0,16.90,1.69
402,72906,032,7290108350616,210598,16.90סנו מקסימה מרכך קומפקט 1 ליטר,None,2020/05/03,06:00:00,2020/05/30,23:59:00,0,16.90,1.69
403,72906,032,7290005427107,210603,9.90סנו סושי מגבות הפלא 6 גלילים,None,2020/05/03,06:00:00,2020/05/30,23:59:00,0,9.90,1.74
404,72906,032,7290000295404,210604,19.90סנו סושי שקיות אשפה 60 יח',None,2020/05/03,06:00:00,2020/05/30,23:59:00,0,19.90,0
405,72906,032,7290005424403,210609,9.90כיף מגוון,None,2020/05/03,06:00:00,2020/05/30,23:59:00,0,9.90,0.99
406,72906,032,7290011765392,210609,9.90כיף מגוון,None,2020/05/03,06:00:00,2020/05/30,23:59:00,0,9.90,1.32
407,72906,032,7290012116025,210609,9.90כיף מגוון,None,2020/05/03,06:00:00,2020/05/30,23:59:00,0,9.90,1.32
408,72906,032,7290012116032,210609,9.90כיף מגוון,None,2020/05/03,06:00:00,2020/05/30,23:59:00,0,9.90,1.32
409,72906,032,7290004731472,210610,"16.90כיף אל סבון 500 מ""ל שלישייה",None,2020/05/03,06:00:00,2020/05/30,23:59:00,0,16.90,11.27
410,72906,032,7290104960246,210623,"9.90נקה 7 אל סבון 750 מ""ל",None,2020/05/03,06:00:00,2020/05/30,23:59:00,0,9.90,1.32
411,72906,032,7290008443630,210625,9.90נקה 7 שמפו/מרכך,None,2020/05/03,06:00:00,2020/05/30,23:59:00,0,9.90,1.32
412,72906,032,7290006788405,210626,2ב22קרליין דאו נושם רולאון/ספריי,None,2020/05/03,06:00:00,2020/05/30,23:59:00,0,22,14.67
413,72906,032,6111094000228,210633,12.90קוסקוס דארי 1 קג' תומר,None,2020/05/03,06:00:00,2020/05/30,23:59:00,0,12.90,12.90
414,72906,032,7290017129846,210643,14.90מיני קוקיס 600 גר' כרמית,None,2020/05/03,06:00:00,2020/05/30,23:59:00,0,14.90,2.48
415,72906,032,7290005839313,210648,4ב16מילקי טופ שטראוס,None,2020/05/03,06:00:00,2020/05/31,23:59:00,0,16,3.08
416,72906,032,7290104066016,210648,4ב16מילקי טופ שטראוס,None,2020/05/03,06:00:00,2020/05/31,23:59:00,0,16,2.35
417,72906,032,7290006664532,210649,4ב12דנונה 3% בטעמים 150 גר',None,2020/05/03,06:00:00,2020/05/31,23:59:00,0,12,2
418,72906,032,7290105968654,210652,2ב34רביולי 300-400 גר' שטראוס,None,2020/05/03,06:00:00,2020/05/31,23:59:00,0,34,4.25
419,72906,032,5711953106583,210660,12.90ארלה גבינת שמנת 200 גר' שטראוס,None,2020/05/03,06:00:00,2020/05/31,23:59:00,0,12.90,6.45
420,72906,032,5711953106606,210660,12.90ארלה גבינת שמנת 200 גר' שטראוס,None,2020/05/03,06:00:00,2020/05/31,23:59:00,0,12.90,6.45
421,72906,032,7290016510225,210662,8.90הוואי תחליב רחצה,None,2020/05/03,06:00:00,2020/05/30,23:59:00,0,8.90,1.27
422,72906,032,7290016510768,210662,8.90הוואי תחליב רחצה,None,2020/05/03,06:00:00,2020/05/30,23:59:00,0,8.90,1.27
423,72906,032,7290103156930,210667,2ב12כוס יהלום 40 יח' לפיד,None,2020/05/03,06:00:00,2020/05/30,23:59:00,0,12,0
424,72906,032,7290103157678,210668,17.90צלחות קילו פאלאס,None,2020/05/03,06:00:00,2020/05/30,23:59:00,0,17.90,0
425,72906,032,7290010715336,210676,2ב16להבונים 50 יח' פאלאס,None,2020/05/03,06:00:00,2020/05/30,23:59:00,0,16,0.16
426,72906,032,7290104850868,210683,2ב24צלחת ענק זהב/קרם 25 יח' פאלאס,None,2020/05/03,06:00:00,2020/05/30,23:59:00,0,24,0
427,72906,032,7290103156336,210684,2ב18צלחות קטנות/צלחות מרק/כפות צבעוני פאלאס,None,2020/05/03,06:00:00,2020/05/30,23:59:00,0,18,0
428,72906,032,7290104859847,210686,2ב15תבניות אלומיניום מארזים,None,2020/05/03,06:00:00,2020/05/30,23:59:00,0,15,0
429,72906,032,7290103156466,210687,"3ב10סכו""ם לבן לפיד 100 יח'",None,2020/05/03,06:00:00,2020/05/30,23:59:00,0,10,0
430,72906,032,7290103156473,210687,"3ב10סכו""ם לבן לפיד 100 יח'",None,2020/05/03,06:00:00,2020/05/30,23:59:00,0,10,0
431,72906,032,7290011969141,210699,4ב9מגבונים לחים טייגר 72 יח',None,2020/05/03,06:00:00,2020/05/30,23:59:00,0,9,0
432,72906,032,4009900420129,210715,2ב15מסטיק אורביט בקבוקון,None,2020/05/03,06:00:00,2020/05/30,23:59:00,0,15,0
433,72906,032,4009900479998,210715,2ב15מסטיק אורביט בקבוקון,None,2020/05/03,06:00:00,2020/05/30,23:59:00,0,15,0
434,72906,032,4009900482417,210715,2ב15מסטיק אורביט בקבוקון,None,2020/05/03,06:00:00,2020/05/30,23:59:00,0,15,0
435,72906,032,4009900525138,210715,2ב15מסטיק אורביט בקבוקון,None,2020/05/03,06:00:00,2020/05/30,23:59:00,0,15,0
436,72906,032,4009900531122,210715,2ב15מסטיק אורביט בקבוקון,None,2020/05/03,06:00:00,2020/05/30,23:59:00,0,15,0
437,72906,032,4009900512350,210717,3ב20מסטיק פייב 69 גר',None,2020/05/03,06:00:00,2020/05/30,23:59:00,0,20,0
438,72906,032,40000514510,210718,3ב10סוכריות עדשים מ-מ'ס 38 גר' עד 49 גר',None,2020/05/03,06:00:00,2020/05/30,23:59:00,0,10,6.80
439,72906,032,7290000136721,210720,4.90ג'אמפ 1.5 ליטר/פפסי-מירנדה-סבן אפ-פפסי מקס,None,2020/05/03,06:00:00,2020/05/30,23:59:00,0,4.90,0.33
440,72906,032,7290000433684,210720,4.90ג'אמפ 1.5 ליטר/פפסי-מירנדה-סבן אפ-פפסי מקס,None,2020/05/03,06:00:00,2020/05/30,23:59:00,0,4.90,0.33
441,72906,032,7290000433714,210720,4.90ג'אמפ 1.5 ליטר/פפסי-מירנדה-סבן אפ-פפסי מקס,None,2020/05/03,06:00:00,2020/05/30,23:59:00,0,4.90,0.33
442,72906,032,7290000433745,210720,4.90ג'אמפ 1.5 ליטר/פפסי-מירנדה-סבן אפ-פפסי מקס,None,2020/05/03,06:00:00,2020/05/30,23:59:00,0,4.90,0.33
443,72906,032,7290000433899,210720,4.90ג'אמפ 1.5 ליטר/פפסי-מירנדה-סבן אפ-פפסי מקס,None,2020/05/03,06:00:00,2020/05/30,23:59:00,0,4.90,0.33
444,72906,032,7290000433974,210720,4.90ג'אמפ 1.5 ליטר/פפסי-מירנדה-סבן אפ-פפסי מקס,None,2020/05/03,06:00:00,2020/05/30,23:59:00,0,4.90,0.33
445,72906,032,7290006229069,210720,4.90ג'אמפ 1.5 ליטר/פפסי-מירנדה-סבן אפ-פפסי מקס,None,2020/05/03,06:00:00,2020/05/30,23:59:00,0,4.90,0.33
446,72906,032,8005200496525,210721,2ב11נסטי בטעמים 1.5 ליטר,None,2020/05/03,06:00:00,2020/05/30,23:59:00,0,11,0.37
447,72906,032,8005200536528,210721,2ב11נסטי בטעמים 1.5 ליטר,None,2020/05/03,06:00:00,2020/05/30,23:59:00,0,11,0.37
448,72906,032,5902198160403,210725,"4ב10.90משקה אנרגיה  XL פחית 250 מ""ל",None,2020/05/03,06:00:00,2020/05/30,23:59:00,0,10.90,0.97
449,72906,032,5906485301012,210725,"4ב10.90משקה אנרגיה  XL פחית 250 מ""ל",None,2020/05/03,06:00:00,2020/05/30,23:59:00,0,10.90,0.97
450,72906,032,7290000135113,210725,"4ב10.90משקה אנרגיה  XL פחית 250 מ""ל",None,2020/05/03,06:00:00,2020/05/30,23:59:00,0,10.90,0.97
451,72906,032,8001620011935,210726,"11.90סאן בנדטו 500 מ""ל שישייה",None,2020/05/03,06:00:00,2020/05/30,23:59:00,0,11.90,0.34
452,72906,032,7290011133252,210729,9.90סודה בטעמים 1.5 ליטר רביעייה טמפו,None,2020/05/03,06:00:00,2020/05/30,23:59:00,0,9.90,1.65
453,72906,032,7290010237562,210730,"4ב10משק""ל 500 מ""ל-פפסי מקס/פפסי/מירנדה/סבן אפ",None,2020/05/03,06:00:00,2020/05/30,23:59:00,0,10,0.44
454,72906,032,7290006764065,210731,"3ב10בירה נשר מאלט חוזר 500 מ""ל בקבוק",None,2020/05/03,06:00:00,2020/05/30,23:59:00,0,10,0.43
455,72906,032,7290010237623,210732,2ב12בירה נשר מאלטסטאר 1.5 ליטר/דיאט נשר מאלט 1.5 ליטר,None,2020/05/03,06:00:00,2020/05/30,23:59:00,0,12,0.40
456,72906,032,7290010237890,210733,"2ב15בירה הייניקן בקבוק חוזר 500 מ""ל",None,2020/05/03,06:00:00,2020/05/30,23:59:00,0,15,1.26
457,72906,032,7290006764072,210735,"3ב18בירה חוזר 500 מ""ל-מכבי/גולדסטאר",None,2020/05/03,06:00:00,2020/05/30,23:59:00,0,18,0.96
458,72906,032,7290008464741,210736,"29.90בירה גולדסטאר 330 מ""ל בקבוק שישייה",None,2020/05/03,06:00:00,2020/05/30,23:59:00,0,29.90,1.42
459,72906,032,839762000641,210746,"2ב16משק""ל איילנד 1 ליטר",None,2020/05/03,06:00:00,2020/05/30,23:59:00,0,16,15.40
460,72906,032,7290000024264,210749,"34.90יינות רזרב 750 מ""ל ברקן",None,2020/05/03,06:00:00,2020/05/30,23:59:00,0,34.90,4.61
461,72906,032,7290000023816,210750,"2ב50יינות קלאסיק 750 מ""ל ברקן",None,2020/05/03,06:00:00,2020/05/30,23:59:00,0,50,3.29
462,72906,032,7290000521022,210755,"3ב50יינות סגל 750 מ""ל ברקן",None,2020/05/03,06:00:00,2020/05/30,23:59:00,0,50,2.18
463,72906,032,7290000170053,210762,4ב18טבלאות שוקולד פרה,None,2020/05/03,06:00:00,2020/05/30,23:59:00,0,18,18
464,72906,032,7290000170275,210762,4ב18טבלאות שוקולד פרה,None,2020/05/03,06:00:00,2020/05/30,23:59:00,0,18,18
465,72906,032,7290001814222,210762,4ב18טבלאות שוקולד פרה,None,2020/05/03,06:00:00,2020/05/30,23:59:00,0,18,18
466,72906,032,7290003905331,210762,4ב18טבלאות שוקולד פרה,None,2020/05/03,06:00:00,2020/05/30,23:59:00,0,18,18
467,72906,032,7290008747424,210762,4ב18טבלאות שוקולד פרה,None,2020/05/03,06:00:00,2020/05/30,23:59:00,0,18,18
468,72906,032,7290103407506,210766,חטיפי עלית בודד-מקופלת/טוויסט/כיף כיף/טעמי/אגוזי/טורטית,None,2020/05/03,06:00:00,2020/05/30,23:59:00,0,10.90,8.26
469,72906,032,72917367,210766,חטיפי עלית בודד-מקופלת/טוויסט/כיף כיף/טעמי/אגוזי/טורטית,None,2020/05/03,06:00:00,2020/05/30,23:59:00,0,10.90,6.81
470,72906,032,7290106721913,210767,2ב16מסטיקים צנצנת עלית,None,2020/05/03,06:00:00,2020/05/30,23:59:00,0,16,12.12
471,72906,032,7290106721920,210767,2ב16מסטיקים צנצנת עלית,None,2020/05/03,06:00:00,2020/05/30,23:59:00,0,16,12.12
472,72906,032,7290100850459,210768,19.90מיקס ירוק 390 גר' עלית,None,2020/05/03,06:00:00,2020/05/30,23:59:00,0,19.90,5.10
473,72906,032,7290001813881,210770,2ב15פתי בר 500 גר' עלית-קלאסי/שוקו,None,2020/05/03,06:00:00,2020/05/30,23:59:00,0,15,1.50
474,72906,032,7290112335043,210772,2ב10מרשמלו בזוקה/וניל 150 גר' עלית,None,2020/05/03,06:00:00,2020/05/30,23:59:00,0,10,3.33
475,72906,032,7290112335050,210772,2ב10מרשמלו בזוקה/וניל 150 גר' עלית,None,2020/05/03,06:00:00,2020/05/30,23:59:00,0,10,3.33
476,72906,032,7290005201882,210773,14.90קפה טורקי 200 גר' שקית עלית,None,2020/05/03,06:00:00,2020/05/30,23:59:00,0,14.90,7.45
477,72906,032,7290000181103,210777,3ב30 מגוון עלית,None,2020/05/03,06:00:00,2020/05/30,23:59:00,0,30,5
478,72906,032,7290106520066,210777,3ב30 מגוון עלית,None,2020/05/03,06:00:00,2020/05/30,23:59:00,0,30,6.25
479,72906,032,7290107937498,210777,3ב30 מגוון עלית,None,2020/05/03,06:00:00,2020/05/30,23:59:00,0,30,2.86
480,72906,032,7290112331946,210777,3ב30 מגוון עלית,None,2020/05/03,06:00:00,2020/05/30,23:59:00,0,30,8.33
481,72906,032,7290002757139,210784,12.90מלוואח 700 גר' 3 האופים,None,2020/05/03,06:00:00,2020/05/30,23:59:00,0,12.90,1.84
482,72906,032,7290002327028,210785,12.90ג'חנון 650 גר' 3 האופים,None,2020/05/03,06:00:00,2020/05/30,23:59:00,0,12.90,1.98
483,72906,032,7290004011345,210788,"2ב18ארוסול קצפת 250 מ""ל",None,2020/05/03,06:00:00,2020/05/30,23:59:00,0,18,3.60
484,72906,032,7290002715528,210789,3ב10מג'יק בכוס,None,2020/05/03,06:00:00,2020/05/30,23:59:00,0,10,4.76
485,72906,032,7290000303581,210820,2ב10שימורי קטניות פרי גליל-תירס/אפונה/אפונה וגזר/חומוס,None,2020/05/03,06:00:00,2020/05/30,23:59:00,0,10,0.89
486,72906,032,7290000303598,210820,2ב10שימורי קטניות פרי גליל-תירס/אפונה/אפונה וגזר/חומוס,None,2020/05/03,06:00:00,2020/05/30,23:59:00,0,10,0.91
487,72906,032,7290000303604,210820,2ב10שימורי קטניות פרי גליל-תירס/אפונה/אפונה וגזר/חומוס,None,2020/05/03,06:00:00,2020/05/30,23:59:00,0,10,0.83
488,72906,032,7290000307015,210820,2ב10שימורי קטניות פרי גליל-תירס/אפונה/אפונה וגזר/חומוס,None,2020/05/03,06:00:00,2020/05/30,23:59:00,0,10,0.83
489,72906,032,7290000307046,210820,2ב10שימורי קטניות פרי גליל-תירס/אפונה/אפונה וגזר/חומוס,None,2020/05/03,06:00:00,2020/05/30,23:59:00,0,10,0.91
490,72906,032,7290000307237,210820,2ב10שימורי קטניות פרי גליל-תירס/אפונה/אפונה וגזר/חומוס,None,2020/05/03,06:00:00,2020/05/30,23:59:00,0,10,0.91
491,72906,032,7290000497044,210843,10.90לחם אקטיב 750 גר' ברמן,None,2020/05/03,06:00:00,2020/05/30,23:59:00,0,10.90,1.45
492,72906,032,7290010065349,210853,2ב10ג'וניור מחיות פרינוק 190 גר',None,2020/05/03,06:00:00,2020/05/30,23:59:00,0,10,2.63
493,72906,032,7290000060316,210860,3ב18פרפקטו פסטה 500 גר' אסם,None,2020/05/03,06:00:00,2020/05/30,23:59:00,0,18,1.20
494,72906,032,7290000060217,210863,3ב15.90פסטה/ספגטי 400-500 גר' אסם,None,2020/05/03,06:00:00,2020/05/30,23:59:00,0,15.90,1.06
495,72906,032,7290000060248,210863,3ב15.90פסטה/ספגטי 400-500 גר' אסם,None,2020/05/03,06:00:00,2020/05/30,23:59:00,0,15.90,1.06
496,72906,032,7290000060781,210863,3ב15.90פסטה/ספגטי 400-500 גר' אסם,None,2020/05/03,06:00:00,2020/05/30,23:59:00,0,15.90,1.06
497,72906,032,7290000060828,210863,3ב15.90פסטה/ספגטי 400-500 גר' אסם,None,2020/05/03,06:00:00,2020/05/30,23:59:00,0,15.90,1.06
498,72906,032,7290000060842,210863,3ב15.90פסטה/ספגטי 400-500 גר' אסם,None,2020/05/03,06:00:00,2020/05/30,23:59:00,0,15.90,1.06
499,72906,032,7290000060859,210863,3ב15.90פסטה/ספגטי 400-500 גר' אסם,None,2020/05/03,06:00:00,2020/05/30,23:59:00,0,15.90,1.06
500,72906,032,7290100684139,210863,3ב15.90פסטה/ספגטי 400-500 גר' אסם,None,2020/05/03,06:00:00,2020/05/30,23:59:00,0,15.90,1.06
501,72906,032,7290107871990,210863,3ב15.90פסטה/ספגטי 400-500 גר' אסם,None,2020/05/03,06:00:00,2020/05/30,23:59:00,0,15.90,1.06
502,72906,032,7290000060156,210865,3ב15אטריות עד 400 גר' אסם,None,2020/05/03,06:00:00,2020/05/30,23:59:00,0,15,2.50
503,72906,032,7290000060903,210866,3ב18פתיתים 400-500 גר' אסם,None,2020/05/03,06:00:00,2020/05/30,23:59:00,0,18,1.20
504,72906,032,7290000068282,210867,3ב15.90מנה חמה אסם,None,2020/05/03,06:00:00,2020/05/30,23:59:00,0,15.90,12.05
505,72906,032,7290000073125,210867,3ב15.90מנה חמה אסם,None,2020/05/03,06:00:00,2020/05/30,23:59:00,0,15.90,8.55
506,72906,032,7290000073774,210867,3ב15.90מנה חמה אסם,None,2020/05/03,06:00:00,2020/05/30,23:59:00,0,15.90,6.97
507,72906,032,7290100680650,210867,3ב15.90מנה חמה אסם,None,2020/05/03,06:00:00,2020/05/30,23:59:00,0,15.90,6.97
508,72906,032,7290100689301,210869,9.90אבקת מרק זך בטעם עוף 400 גר' אסם,None,2020/05/03,06:00:00,2020/05/30,23:59:00,0,9.90,2.48
509,72906,032,7290000068138,210872,3ב12פודינג אסם עד 95 גר',None,2020/05/03,06:00:00,2020/05/30,23:59:00,0,12,5
510,72906,032,7290000419374,210874,17.90קפה לנדוור 100 גר' שלישייה,None,2020/05/03,06:00:00,2020/05/30,23:59:00,0,17.90,5.97
511,72906,032,7290000074375,210877,3ב18לחמיות/קרקרים אסם עד 300 גר',None,2020/05/03,06:00:00,2020/05/30,23:59:00,0,18,4
512,72906,032,7290000077253,210877,3ב18לחמיות/קרקרים אסם עד 300 גר',None,2020/05/03,06:00:00,2020/05/30,23:59:00,0,18,3.16
513,72906,032,7290111564277,210878,2ב18פיטנס פריכיות 120 גר',None,2020/05/03,06:00:00,2020/05/30,23:59:00,0,18,7.50
514,72906,032,7290112963895,210879,2ב20פיטנס קרקר דק 140-150 גר' אסם,None,2020/05/03,06:00:00,2020/05/30,23:59:00,0,20,6.67
515,72906,032,7290000072623,210885,9.90קטשופ 750 גר' אסם,None,2020/05/03,06:00:00,2020/05/30,23:59:00,0,9.90,1.32
516,72906,032,5900020026552,210887,2ב30דגני בוקר קראנצ'/האני נאט/מולטי צ'יריוס/גולדן/סיני מיניס,None,2020/05/03,06:00:00,2020/05/30,23:59:00,0,30,2.40
517,72906,032,7613034792785,210887,2ב30דגני בוקר קראנצ'/האני נאט/מולטי צ'יריוס/גולדן/סיני מיניס,None,2020/05/03,06:00:00,2020/05/30,23:59:00,0,30,2.65
518,72906,032,7613036727280,210887,2ב30דגני בוקר קראנצ'/האני נאט/מולטי צ'יריוס/גולדן/סיני מיניס,None,2020/05/03,06:00:00,2020/05/30,23:59:00,0,30,3.13
519,72906,032,7290100681138,210889,2ב22מארזי חטיפי אסם-פופקו/ביסלי/במבה/דובונים/אפרופו,None,2020/05/03,06:00:00,2020/05/30,23:59:00,0,22,7.33
520,72906,032,7290100686164,210889,2ב22מארזי חטיפי אסם-פופקו/ביסלי/במבה/דובונים/אפרופו,None,2020/05/03,06:00:00,2020/05/30,23:59:00,0,22,5.24
521,72906,032,7290104504228,210889,2ב22מארזי חטיפי אסם-פופקו/ביסלי/במבה/דובונים/אפרופו,None,2020/05/03,06:00:00,2020/05/30,23:59:00,0,22,22
522,72906,032,7290105693341,210889,2ב22מארזי חטיפי אסם-פופקו/ביסלי/במבה/דובונים/אפרופו,None,2020/05/03,06:00:00,2020/05/30,23:59:00,0,22,4.40
523,72906,032,7290112967992,210889,2ב22מארזי חטיפי אסם-פופקו/ביסלי/במבה/דובונים/אפרופו,None,2020/05/03,06:00:00,2020/05/30,23:59:00,0,22,13.75
524,72906,032,7290000066134,210890,6ב20חטיפי אסם-במבה/ביסלי/אפרופו/דובונים/פופק,None,2020/05/03,06:00:00,2020/05/30,23:59:00,0,20,4.76
525,72906,032,7290000066141,210890,6ב20חטיפי אסם-במבה/ביסלי/אפרופו/דובונים/פופק,None,2020/05/03,06:00:00,2020/05/30,23:59:00,0,20,4.76
526,72906,032,7290000066165,210890,6ב20חטיפי אסם-במבה/ביסלי/אפרופו/דובונים/פופק,None,2020/05/03,06:00:00,2020/05/30,23:59:00,0,20,4.98
527,72906,032,7290000066172,210890,6ב20חטיפי אסם-במבה/ביסלי/אפרופו/דובונים/פופק,None,2020/05/03,06:00:00,2020/05/30,23:59:00,0,20,4.76
528,72906,032,7290000066264,210890,6ב20חטיפי אסם-במבה/ביסלי/אפרופו/דובונים/פופק,None,2020/05/03,06:00:00,2020/05/30,23:59:00,0,20,8.33
529,72906,032,7290000066318,210890,6ב20חטיפי אסם-במבה/ביסלי/אפרופו/דובונים/פופק,None,2020/05/03,06:00:00,2020/05/30,23:59:00,0,20,4.17
530,72906,032,7290000066332,210890,6ב20חטיפי אסם-במבה/ביסלי/אפרופו/דובונים/פופק,None,2020/05/03,06:00:00,2020/05/30,23:59:00,0,20,6.67
531,72906,032,7290000067537,210890,6ב20חטיפי אסם-במבה/ביסלי/אפרופו/דובונים/פופק,None,2020/05/03,06:00:00,2020/05/30,23:59:00,0,20,4.76
532,72906,032,7290000067551,210890,6ב20חטיפי אסם-במבה/ביסלי/אפרופו/דובונים/פופק,None,2020/05/03,06:00:00,2020/05/30,23:59:00,0,20,4.76
533,72906,032,7290100687109,210890,6ב20חטיפי אסם-במבה/ביסלי/אפרופו/דובונים/פופק,None,2020/05/03,06:00:00,2020/05/30,23:59:00,0,20,5.56
534,72906,032,7290104500572,210890,6ב20חטיפי אסם-במבה/ביסלי/אפרופו/דובונים/פופק,None,2020/05/03,06:00:00,2020/05/30,23:59:00,0,20,6.67
535,72906,032,7290107874526,210890,6ב20חטיפי אסם-במבה/ביסלי/אפרופו/דובונים/פופק,None,2020/05/03,06:00:00,2020/05/30,23:59:00,0,20,0
536,72906,032,7290106576537,210891,9.90צבר חומוס מסעדה 700 גר',None,2020/05/03,06:00:00,2020/05/30,23:59:00,0,9.90,1.41
537,72906,032,7290112968166,210892,2ב18צבר סלטים 220-250 גר'/צבר חזרת 180 גר',None,2020/05/03,06:00:00,2020/05/30,23:59:00,0,18,4.09
538,72906,032,7290112968449,210892,2ב18צבר סלטים 220-250 גר'/צבר חזרת 180 גר',None,2020/05/03,06:00:00,2020/05/30,23:59:00,0,18,3.60
539,72906,032,7290011800703,210893,2ב24צבר סלטים 400-500 גר',None,2020/05/03,06:00:00,2020/05/30,23:59:00,0,24,3
540,72906,032,7290011800840,210893,2ב24צבר סלטים 400-500 גר',None,2020/05/03,06:00:00,2020/05/30,23:59:00,0,24,3
541,72906,032,7290106573819,210893,2ב24צבר סלטים 400-500 גר',None,2020/05/03,06:00:00,2020/05/30,23:59:00,0,24,3
542,72906,032,7290106576513,210893,2ב24צבר סלטים 400-500 גר',None,2020/05/03,06:00:00,2020/05/30,23:59:00,0,24,2.40
543,72906,032,7290106577282,210893,2ב24צבר סלטים 400-500 גר',None,2020/05/03,06:00:00,2020/05/30,23:59:00,0,24,3
544,72906,032,7290106577541,210893,2ב24צבר סלטים 400-500 גר',None,2020/05/03,06:00:00,2020/05/30,23:59:00,0,24,3
545,72906,032,7290111563492,210893,2ב24צבר סלטים 400-500 גר',None,2020/05/03,06:00:00,2020/05/30,23:59:00,0,24,3
546,72906,032,7290112962201,210893,2ב24צבר סלטים 400-500 גר',None,2020/05/03,06:00:00,2020/05/30,23:59:00,0,24,3
547,72906,032,7290112966704,210893,2ב24צבר סלטים 400-500 גר',None,2020/05/03,06:00:00,2020/05/30,23:59:00,0,24,3.43
548,72906,032,7290111566271,210895,27.90טבעול,None,2020/05/03,06:00:00,2020/05/30,23:59:00,0,27.90,4.25
549,72906,032,7613036880534,210896,3ב15גרבר מחיות 190 גר',None,2020/05/03,06:00:00,2020/05/30,23:59:00,0,15,2.63
550,72906,032,7290000158273,210897,29.90עוף טוב שניצל עוף ביתי,None,2020/05/03,06:00:00,2020/05/30,23:59:00,0,29.90,4.27
551,72906,032,7290000158105,210898,2ב50עוף טוב שניצל ילדים-דובונים/דינוזאור/היער הקסום,None,2020/05/03,06:00:00,2020/05/30,23:59:00,0,50,3.57
552,72906,032,7501013122053,210903,2ב12נקטר ג'ומקס 1 ליטר,None,2020/05/03,06:00:00,2020/05/30,23:59:00,0,12,0
553,72906,032,8690784816885,210906,14.90גלייד ספריי מילוי אוטומטי,None,2020/05/03,06:00:00,2020/05/30,23:59:00,0,14.90,5.54
554,72906,032,8690784614665,210912,5.90טואלט דאק סבון ניקוי אסלה,None,2020/05/03,06:00:00,2020/05/30,23:59:00,0,5.90,0
555,72906,032,8690784614993,210912,5.90טואלט דאק סבון ניקוי אסלה,None,2020/05/03,06:00:00,2020/05/30,23:59:00,0,5.90,0
556,72906,032,7290008945202,210919,12.90גלילונית 50 יח' משרדית,None,2020/05/03,06:00:00,2020/05/30,23:59:00,0,12.90,0
557,72906,032,7290008945172,210920,12.90גלילונית פח מטבח 40 יח',None,2020/05/03,06:00:00,2020/05/30,23:59:00,0,12.90,0.32
558,72906,032,7290015025959,210924,2ב30פרש ואנס מגבונים רביעייה,None,2020/05/03,06:00:00,2020/05/30,23:59:00,0,30,0
559,72906,032,4011800632519,210934,2ב14חטיפי קורני מארז,None,2020/05/03,06:00:00,2020/05/30,23:59:00,0,14,4.67
560,72906,032,4011800633516,210934,2ב14חטיפי קורני מארז,None,2020/05/03,06:00:00,2020/05/30,23:59:00,0,14,4.67
561,72906,032,7290011017866,210938,"4ב12פחיות 330 מ""ל-קוקה קולה/ספרייט/זירו/פאנטה",None,2020/05/03,06:00:00,2020/05/30,23:59:00,0,12,0.82
562,72906,032,7290011017873,210938,"4ב12פחיות 330 מ""ל-קוקה קולה/ספרייט/זירו/פאנטה",None,2020/05/03,06:00:00,2020/05/30,23:59:00,0,12,0.82
563,72906,032,7290011017880,210938,"4ב12פחיות 330 מ""ל-קוקה קולה/ספרייט/זירו/פאנטה",None,2020/05/03,06:00:00,2020/05/30,23:59:00,0,12,0.82
564,72906,032,7290011018443,210938,"4ב12פחיות 330 מ""ל-קוקה קולה/ספרייט/זירו/פאנטה",None,2020/05/03,06:00:00,2020/05/30,23:59:00,0,12,0.82
565,72906,032,7290110110574,210938,"4ב12פחיות 330 מ""ל-קוקה קולה/ספרייט/זירו/פאנטה",None,2020/05/03,06:00:00,2020/05/30,23:59:00,0,12,0.82
566,72906,032,7290110110659,210938,"4ב12פחיות 330 מ""ל-קוקה קולה/ספרייט/זירו/פאנטה",None,2020/05/03,06:00:00,2020/05/30,23:59:00,0,12,0.82
567,72906,032,7290011018832,210939,"17.90פחיות 330 מ""ל שישייה-קוקה קולה/ספרייט/פאנטה",None,2020/05/03,06:00:00,2020/05/30,23:59:00,0,17.90,8.13
568,72906,032,7290011018917,210939,"17.90פחיות 330 מ""ל שישייה-קוקה קולה/ספרייט/פאנטה",None,2020/05/03,06:00:00,2020/05/30,23:59:00,0,17.90,8.13
569,72906,032,7290013585349,210942,"29.90בירה קרלסברג 330 מ""ל שישייה",None,2020/05/03,06:00:00,2020/05/30,23:59:00,0,29.90,1.42
570,72906,032,7290002871446,210943,3ב16.90ויסוצקי אייס/פריגת צלול,None,2020/05/03,06:00:00,2020/05/30,23:59:00,0,16.90,0.38
571,72906,032,7290002871460,210943,3ב16.90ויסוצקי אייס/פריגת צלול,None,2020/05/03,06:00:00,2020/05/30,23:59:00,0,16.90,0.38
572,72906,032,7290003667369,210943,3ב16.90ויסוצקי אייס/פריגת צלול,None,2020/05/03,06:00:00,2020/05/30,23:59:00,0,16.90,0.38
573,72906,032,7290005604133,210943,3ב16.90ויסוצקי אייס/פריגת צלול,None,2020/05/03,06:00:00,2020/05/30,23:59:00,0,16.90,3.76
574,72906,032,7290110110420,210943,3ב16.90ויסוצקי אייס/פריגת צלול,None,2020/05/03,06:00:00,2020/05/30,23:59:00,0,16.90,0.38
575,72906,032,7290110111694,210943,3ב16.90ויסוצקי אייס/פריגת צלול,None,2020/05/03,06:00:00,2020/05/30,23:59:00,0,16.90,0.38
576,72906,032,7290002331322,210945,10.90נביעות 1.5 ליטר שישייה,None,2020/05/03,06:00:00,2020/05/30,23:59:00,0,10.90,1.21
577,72906,032,7290006822840,210947,2ב12בירה מאלטי 1.5 ליטר,None,2020/05/03,06:00:00,2020/05/30,23:59:00,0,12,4
578,72906,032,7290011018313,210950,26.90פיוז תה בטעם אפרסק 1.5 ליטר רביעייה,None,2020/05/03,06:00:00,2020/05/30,23:59:00,0,26.90,0
579,72906,032,8000380007257,210983,3ב36גרנד פטיסרי/קוארדטיני/גרדנה/טורטינה,None,2020/05/03,06:00:00,2020/05/30,23:59:00,0,36,6
580,72906,032,8000380180745,210983,3ב36גרנד פטיסרי/קוארדטיני/גרדנה/טורטינה,None,2020/05/03,06:00:00,2020/05/30,23:59:00,0,36,4.80
581,72906,032,16000281684,210986,2ב30נייטשר ואלי קראנצ'/נאט קרים/נאט קרים קאפס,None,2020/05/03,06:00:00,2020/05/30,23:59:00,0,30,7.14
582,72906,032,16000548404,210986,2ב30נייטשר ואלי קראנצ'/נאט קרים/נאט קרים קאפס,None,2020/05/03,06:00:00,2020/05/30,23:59:00,0,30,8.57
583,72906,032,16000548909,210986,2ב30נייטשר ואלי קראנצ'/נאט קרים/נאט קרים קאפס,None,2020/05/03,06:00:00,2020/05/30,23:59:00,0,30,7.14
584,72906,032,8410076600622,210986,2ב30נייטשר ואלי קראנצ'/נאט קרים/נאט קרים קאפס,None,2020/05/03,06:00:00,2020/05/30,23:59:00,0,30,7.14
585,72906,032,8410076620354,210986,2ב30נייטשר ואלי קראנצ'/נאט קרים/נאט קרים קאפס,None,2020/05/03,06:00:00,2020/05/30,23:59:00,0,30,7.89
586,72906,032,77975088227,210987,3ב39סניידרס שברי בייגלה,None,2020/05/03,06:00:00,2020/05/30,23:59:00,0,39,3.82
587,72906,032,4903001904192,210988,"15.90רוטב סויה/טריאקי ימאסה 500 מ""ל",None,2020/05/03,06:00:00,2020/05/30,23:59:00,0,15.90,3.18
588,72906,032,80773429,210991,3ב20מסטיק מנטוס בקבוק,None,2020/05/03,06:00:00,2020/05/30,23:59:00,0,20,11.11
589,72906,032,80896081,210991,3ב20מסטיק מנטוס בקבוק,None,2020/05/03,06:00:00,2020/05/30,23:59:00,0,20,11.11
590,72906,032,80913467,210991,3ב20מסטיק מנטוס בקבוק,None,2020/05/03,06:00:00,2020/05/30,23:59:00,0,20,11.11
591,72906,032,80948698,210991,3ב20מסטיק מנטוס בקבוק,None,2020/05/03,06:00:00,2020/05/30,23:59:00,0,20,11.11
592,72906,032,7610100034084,210992,9.90מיונז טומי 265 גר' שפורפרת,None,2020/05/03,06:00:00,2020/05/30,23:59:00,0,9.90,3.74
593,72906,032,18000703494,210996,2ב30תערובות פילסברי לעוגה/בראוניס/כדורי שוקולד/פנקייק,None,2020/05/03,06:00:00,2020/05/30,23:59:00,0,30,2.86
594,72906,032,7290017088068,211013,3ב85חיתולים בייביסיטר 3-6,None,2020/05/03,06:00:00,2020/05/30,23:59:00,0,85,0
595,72906,032,7290017088099,211013,3ב85חיתולים בייביסיטר 3-6,None,2020/05/03,06:00:00,2020/05/30,23:59:00,0,85,0
596,72906,032,7290003026227,211017,21.90קמיל בלו סנסיטיב 1 ליטר אל סבון/שמפו,None,2020/05/03,06:00:00,2020/05/30,23:59:00,0,21.90,21.90
597,72906,032,7290010748853,211021,"11.90אפקטיב קר קרם ידיים 150 מ""ל",None,2020/05/03,06:00:00,2020/05/30,23:59:00,0,11.90,7.93
598,72906,032,7290000208336,211022,4ב11.90רסק עגבניות 260 גר' יכין/פרי מבורך,None,2020/05/03,06:00:00,2020/05/30,23:59:00,0,11.90,1.14
599,72906,032,7290000209517,211028,2ב12.90תרכיז סירופ דיאט 1 ליטר יכין,None,2020/05/03,06:00:00,2020/05/30,23:59:00,0,12.90,0.65
600,72906,032,7290000209579,211028,2ב12.90תרכיז סירופ דיאט 1 ליטר יכין,None,2020/05/03,06:00:00,2020/05/30,23:59:00,0,12.90,0.65
601,72906,032,7290014940901,211043,11.90לחם פשוט מלא לילדים 750 גר' אנג'ל,None,2020/05/03,06:00:00,2020/05/30,23:59:00,0,11.90,2.38
602,72906,032,7290011249755,211049,עלמה רולים 100 גר'/ופלים 150 גר'/ופלים 200 גר',None,2020/05/03,06:00:00,2020/05/30,23:59:00,0,10,10
603,72906,032,7290101866633,211067,24.90קליה ג'ל 3 ליטר,None,2020/05/03,06:00:00,2020/05/30,23:59:00,0,24.90,8.30
604,72906,032,7290101864127,211069,"15.90קליה ספריי 750 מ""ל",None,2020/05/03,06:00:00,2020/05/30,23:59:00,0,15.90,2.12
605,72906,032,7290108201543,211070,19.90וניש ג'ל גולד 2 ליטר,None,2020/05/03,06:00:00,2020/05/30,23:59:00,0,19.90,9.95
606,72906,032,7290112000286,211071,"2ב16סיליט 500 מ""ל קומקומים/אבנית וחלודה-ג'ל אסלות 750 מ""ל",None,2020/05/03,06:00:00,2020/05/30,23:59:00,0,16,1.07
607,72906,032,7290108201437,211084,19.90קולון אבקת כביסה 2.5 קג',None,2020/05/03,06:00:00,2020/05/30,23:59:00,0,19.90,0
608,72906,032,7290011996222,211101,"2ב10מי קוקוס 400 מ""ל טעמי אסיה",None,2020/05/03,06:00:00,2020/05/30,23:59:00,0,10,1.25
609,72906,032,7290006908391,211105,10.90קשיו קלוי 150 גר' חממה,None,2020/05/03,06:00:00,2020/05/30,23:59:00,0,10.90,7.27
610,72906,032,7290001245842,211108,9.90נוזל רצפות 4 ליטר טאצ',None,2020/05/03,06:00:00,2020/05/30,23:59:00,0,9.90,0.25
611,72906,032,7290001246351,211108,9.90נוזל רצפות 4 ליטר טאצ',None,2020/05/03,06:00:00,2020/05/30,23:59:00,0,9.90,0.25
612,72906,032,7290001245699,211109,10.90אקונומיקה סמיכה 4 ליטר טאצ',None,2020/05/03,06:00:00,2020/05/30,23:59:00,0,10.90,0.27
613,72906,032,7290103746001,211114,10.90ממחטות טאצ' חמישייה,None,2020/05/03,06:00:00,2020/05/30,23:59:00,0,10.90,0
614,72906,032,4860019001414,211121,"2ב14.90בורוז'ומי מים מינרלים 750 מ""ל",None,2020/05/03,06:00:00,2020/05/30,23:59:00,0,14.90,0.95
615,72906,032,8715700419732,211135,9.90קטשופ היינץ 700 גר',None,2020/05/03,06:00:00,2020/05/30,23:59:00,0,9.90,1.41
616,72906,032,8715700110158,211137,9.90מיונז לייט צנצנת 490 גר'/מיונז צנצנת 460 גר' SG,None,2020/05/03,06:00:00,2020/05/30,23:59:00,0,9.90,2.02
617,72906,032,8714599513866,211142,26.90ג'יקובס קרוננג 200 גר',None,2020/05/03,06:00:00,2020/05/30,23:59:00,0,26.90,13.45
618,72906,032,8714599513781,211143,26.90ג'יקובס גולד 200 גר',None,2020/05/03,06:00:00,2020/05/30,23:59:00,0,26.90,13.45
619,72906,032,7622210078131,211144,3ב15מילקה טבלאות שוקולד,None,2020/05/03,06:00:00,2020/05/30,23:59:00,0,15,15
620,72906,032,7622300498429,211144,3ב15מילקה טבלאות שוקולד,None,2020/05/03,06:00:00,2020/05/30,23:59:00,0,15,15
621,72906,032,7622300617820,211144,3ב15מילקה טבלאות שוקולד,None,2020/05/03,06:00:00,2020/05/30,23:59:00,0,15,15
622,72906,032,7622010001858,211153,3ב20עוגיות אוראו 176-170 גר',None,2020/05/03,06:00:00,2020/05/30,23:59:00,0,20,3.79
623,72906,032,41390001079,211154,"17.90רוטב סויה קיקומן 444 מ""ל",None,2020/05/03,06:00:00,2020/05/30,23:59:00,0,17.90,4.03
624,72906,032,5410126116953,211156,19.90ממרח עוגיות לוטוס 380/400 גר',None,2020/05/03,06:00:00,2020/05/30,23:59:00,0,19.90,4.98
625,72906,032,90162602,211157,"2ב10משקה אנרגיה רד בול 250 מ""ל פחית",None,2020/05/03,06:00:00,2020/05/30,23:59:00,0,10,1.88
626,72906,032,38000138720,211158,2ב18פרינגלס 149-158 גר',None,2020/05/03,06:00:00,2020/05/30,23:59:00,0,18,5.70
627,72906,032,38000232152,211158,2ב18פרינגלס 149-158 גר',None,2020/05/03,06:00:00,2020/05/30,23:59:00,0,18,5.70
628,72906,032,38000232176,211158,2ב18פרינגלס 149-158 גר',None,2020/05/03,06:00:00,2020/05/30,23:59:00,0,18,5.70
629,72906,032,38000232183,211158,2ב18פרינגלס 149-158 גר',None,2020/05/03,06:00:00,2020/05/30,23:59:00,0,18,6.04
630,72906,032,8690777203012,211165,2ב22ירקות קלויים SERA,None,2020/05/03,06:00:00,2020/05/30,23:59:00,0,22,1.83
631,72906,032,7290015039246,211166,19.90טונה 160 גר' רביעייה וילי פוד,None,2020/05/03,06:00:00,2020/05/30,23:59:00,0,19.90,3.11
632,72906,032,7290014692541,211202,14.90גבינה צהובה מגורדת 500 גר' GOLDEN,None,2020/05/03,06:00:00,2020/05/30,23:59:00,0,14.90,2.98
633,72906,032,7290108501346,211203,17.90גבינה גאודה מגורדת 500 גר' 28% EURO CHEESE,None,2020/05/03,06:00:00,2020/05/30,23:59:00,0,17.90,3.58
634,72906,032,7290002929642,211207,17.90טונה פוסידון/ויליגר רביעייה,None,2020/05/03,06:00:00,2020/05/30,23:59:00,0,17.90,3.89
635,72906,032,7290003550753,211207,17.90טונה פוסידון/ויליגר רביעייה,None,2020/05/03,06:00:00,2020/05/30,23:59:00,0,17.90,4.14
636,72906,032,7290017121048,211215,סדרת עללחם 180-250 גר' שטראוס,None,2020/05/03,06:00:00,2020/05/30,23:59:00,0,6.95,2.78
637,72906,032,7290000481531,211216,10לחמניות אצבע/חיטה מלאה 10 יח' דגנית עין בר,None,2020/05/03,06:00:00,2020/05/30,23:59:00,0,10,1.33
638,72906,032,7290000481883,211216,10לחמניות אצבע/חיטה מלאה 10 יח' דגנית עין בר,None,2020/05/03,06:00:00,2020/05/30,23:59:00,0,10,1.33
639,72906,032,5411188080268,211221,3ב30אלפרו משקאות סויה 1 ליטר,None,2020/05/03,06:00:00,2020/05/30,23:59:00,0,30,1
640,72906,032,5411188106159,211221,3ב30אלפרו משקאות סויה 1 ליטר,None,2020/05/03,06:00:00,2020/05/30,23:59:00,0,30,1
641,72906,032,5411188300328,211221,3ב30אלפרו משקאות סויה 1 ליטר,None,2020/05/03,06:00:00,2020/05/30,23:59:00,0,30,1
642,72906,032,7290005559914,211222,מעדנות בצקים/בורקס/פיצה משפחתית,None,2020/05/03,06:00:00,2020/05/30,23:59:00,0,32,2.91
643,72906,032,7290000238036,211224,14.90מעדנות מלוואח 700 גר',None,2020/05/03,06:00:00,2020/05/30,23:59:00,0,14.90,2.13
644,72906,032,7290000107295,211236,18.90סנפרוסט ברוקולי 800 גר',None,2020/05/03,06:00:00,2020/05/30,23:59:00,0,18.90,2.36
645,72906,032,7290000104881,211238,14.90סנפרוסט אפונה וגזר 800 גר',None,2020/05/03,06:00:00,2020/05/30,23:59:00,0,14.90,1.86
646,72906,032,7290000100135,211239,סנפרוסט פירות קפואים-פירות יער/אוכמניות/מנגו/פטל/שייק,None,2020/05/03,06:00:00,2020/05/30,23:59:00,0,22,3.67
647,72906,032,7290008409100,211240,מאמא עוף שניצל ילדים-אותיות/כלי תחבורה/ג'ונגל/עוף בציפוי,None,2020/05/03,06:00:00,2020/05/30,23:59:00,0,55,4.58
648,72906,032,7290008409124,211240,מאמא עוף שניצל ילדים-אותיות/כלי תחבורה/ג'ונגל/עוף בציפוי,None,2020/05/03,06:00:00,2020/05/30,23:59:00,0,55,3.93
649,72906,032,7290008409605,211240,מאמא עוף שניצל ילדים-אותיות/כלי תחבורה/ג'ונגל/עוף בציפוי,None,2020/05/03,06:00:00,2020/05/30,23:59:00,0,55,3.93
650,72906,032,7290008409544,211243,32.90מאמא עוף שניצל עוף אמיתי,None,2020/05/03,06:00:00,2020/05/30,23:59:00,0,32.90,4.70
651,72906,032,7290008409551,211243,32.90מאמא עוף שניצל עוף אמיתי,None,2020/05/03,06:00:00,2020/05/30,23:59:00,0,32.90,4.70
652,72906,032,7290008409582,211243,32.90מאמא עוף שניצל עוף אמיתי,None,2020/05/03,06:00:00,2020/05/30,23:59:00,0,32.90,4.70
653,72906,032,7290000367590,211250,25.90צמד כפרי 800 גר' טירת צבי,None,2020/05/03,06:00:00,2020/05/30,23:59:00,0,25.90,3.24
654,72906,032,7290000364872,211251,10.90נקניקיות עוף/פיקנטיות 400 גר' טירת צבי,None,2020/05/03,06:00:00,2020/05/30,23:59:00,0,10.90,2.73
655,72906,032,7290002057604,211263,4.90פלפל שיפקה קבוצת יבנה,None,2020/05/03,06:00:00,2020/05/30,23:59:00,0,4.90,0.88
656,72906,032,7290012313141,211264,2ב10מלפפון פרוסות במלח קבוצת יבנה,None,2020/05/03,06:00:00,2020/05/30,23:59:00,0,10,0.93
657,72906,032,7290013146014,211267,13.90מליות בטעמים 400 גר' מימונס,None,2020/05/03,06:00:00,2020/05/30,23:59:00,0,13.90,3.48
658,72906,032,7290013146045,211267,13.90מליות בטעמים 400 גר' מימונס,None,2020/05/03,06:00:00,2020/05/30,23:59:00,0,13.90,3.48
659,72906,032,7290013146199,211267,13.90מליות בטעמים 400 גר' מימונס,None,2020/05/03,06:00:00,2020/05/30,23:59:00,0,13.90,3.97
660,72906,032,3600541472044,211277,9.90גרנייה דאו ספריי,None,2020/05/03,06:00:00,2020/05/30,23:59:00,0,9.90,19.80
661,72906,032,3600521823866,211284,39.90לוריאל קרם לחות פנים,None,2020/05/03,06:00:00,2020/05/30,23:59:00,0,39.90,266
662,72906,032,7290103681401,211304,"24.90טיפסי 750 מ""ל-יין אדום /לבן",None,2020/05/03,06:00:00,2020/05/30,23:59:00,0,24.90,3.28
663,72906,032,7290103681234,211305,"29.90יינות הר תבור 750 מ""ל",None,2020/05/03,06:00:00,2020/05/30,23:59:00,0,29.90,3.95
664,72906,032,7290000552569,211307,2ב30המבורגר/קבב טיבון ויל,None,2020/05/03,06:00:00,2020/05/30,23:59:00,0,30,3.75
665,72906,032,7290003185719,211307,2ב30המבורגר/קבב טיבון ויל,None,2020/05/03,06:00:00,2020/05/30,23:59:00,0,30,3
666,72906,032,7290003185726,211307,2ב30המבורגר/קבב טיבון ויל,None,2020/05/03,06:00:00,2020/05/30,23:59:00,0,30,3
667,72906,032,7290004011796,211307,2ב30המבורגר/קבב טיבון ויל,None,2020/05/03,06:00:00,2020/05/30,23:59:00,0,30,3.75
668,72906,032,7290004324858,211307,2ב30המבורגר/קבב טיבון ויל,None,2020/05/03,06:00:00,2020/05/30,23:59:00,0,30,3
669,72906,032,7290008344258,211307,2ב30המבורגר/קבב טיבון ויל,None,2020/05/03,06:00:00,2020/05/30,23:59:00,0,30,3.75
670,72906,032,7290008344272,211307,2ב30המבורגר/קבב טיבון ויל,None,2020/05/03,06:00:00,2020/05/30,23:59:00,0,30,3.75
671,72906,032,7290003578108,211310,3ב20וילי פוד אננס חתוך/קוקטייל/דובדבנים/חצאי אפרסק,None,2020/05/03,06:00:00,2020/05/30,23:59:00,0,20,0.81
672,72906,032,7290002319023,211315,6ב10אבקת אפיה/סוכר וניל עשיריות מיה,None,2020/05/03,06:00:00,2020/05/30,23:59:00,0,10,10
673,72906,032,7290012454561,211321,2ב10קישוט לעוגה 70 גר' צנצנת מיה,None,2020/05/03,06:00:00,2020/05/30,23:59:00,0,10,7.14
674,72906,032,7290015781008,211332,"2ב55יינות 750 מ""ל VISION טפרברג",None,2020/05/03,06:00:00,2020/05/30,23:59:00,0,55,3.63
675,72906,032,7290017289090,211335,"19.90יינות 750 מ""ל ממלכת יהודה טפרברג",None,2020/05/03,06:00:00,2020/05/30,23:59:00,0,19.90,2.61
676,72906,032,7290017289113,211335,"19.90יינות 750 מ""ל ממלכת יהודה טפרברג",None,2020/05/03,06:00:00,2020/05/30,23:59:00,0,19.90,2.61
677,72906,032,8000500256213,211343,8.90קינדר שוקולד מיני 120 גר',None,2020/05/03,06:00:00,2020/05/30,23:59:00,0,8.90,7.42
678,72906,032,5014271400426,211378,15.90מעדני סנט דלפור 284 גר',None,2020/05/03,06:00:00,2020/05/30,23:59:00,0,15.90,5.60
679,72906,032,7290003220410,302016,5ב10 פתיבר /קרקר מעדני המלך 110 גר',None,2020/02/02,06:00:00,2020/05/30,23:55:00,0,10,1.82
680,72906,032,2086,303407,2ב35 תמר מגהול 1קג,None,2020/03/11,06:00:00,2020/05/30,23:59:00,0,35,0
681,72906,032,6131706,304152,4ב100פילה אמנון (מושט) קפוא,None,2020/04/14,06:00:00,2020/05/16,23:59:00,0,100,2.50
682,72906,032,2206040,304238,8.90כנפיים עוף טרי ארוז מעל 100 מוגבלל 3 קג,None,2020/04/27,06:00:00,2020/05/04,23:59:00,100,8.90,0
683,72906,032,1516065,304239,2ב75חזה עוף פרוס דק דק טרי ארוז מעל 100 מוגבל למימוש,None,2020/04/27,06:00:00,2020/05/04,23:59:00,100,75,0
684,72906,032,2206064,304240,2ב70שניצל עוף טרי ארוז מעל 100 מוגבל למימוש,None,2020/04/27,06:00:00,2020/05/04,23:59:00,100,70,0
685,72906,032,7290002195054,304248,3ב24קבב 400 גר'/המבורגר 400 גר בלדי,None,2020/05/03,06:00:00,2020/06/30,23:55:00,0,24,2
686,72906,032,7290002195078,304248,3ב24קבב 400 גר'/המבורגר 400 גר בלדי,None,2020/05/03,06:00:00,2020/06/30,23:55:00,0,24,2
687,72906,032,7290003570041,304252,24מינוט סטייק 300 גר - בלדי,None,2020/05/03,06:00:00,2020/06/30,23:55:00,0,24,8
688,72906,032,8577267,304284,16.90עוף שלם טרי ארוז מעל 100,None,2020/04/30,06:00:00,2020/05/04,23:55:00,100,16.90,0
689,72906,032,2206057,304285,2ב55חזה עוף טרי ארוז שלם מעל 100,None,2020/04/30,06:00:00,2020/05/04,23:59:00,100,55,0
690,72906,032,2206019,304286,19.90כרעיים/ירכיים עוף טרי ארוז מעל 100,None,2020/04/30,06:00:00,2020/05/04,23:59:00,100,19.90,0
691,72906,032,2206026,304286,19.90כרעיים/ירכיים עוף טרי ארוז מעל 100,None,2020/04/30,06:00:00,2020/05/04,23:59:00,100,19.90,0
692,72906,032,7290002692478,304360,"29.90שמן זית כתית מעולה 750 מ""ל ""עץ הזית""",None,2020/05/03,06:00:00,2020/05/30,23:55:00,0,29.90,3.99
693,72906,032,7290104729003,307310,26.90 שמן  זית מעולה עדין 750 יד מרדכי,None,2020/05/03,06:30:00,2020/05/30,23:59:00,0,26.90,3.59
694,72906,032,654935,307326,49.90 שיפודי פרגית קפוא,None,2020/05/03,06:00:00,2020/05/29,23:00:00,0,49.90,4.99
695,72906,032,7290000000374,307720,2ב15 פטריות ארוז,None,2020/05/03,06:00:00,2020/05/04,23:59:00,0,15,0
