,ChainID,StoreID,ItemCode,PromotionID,PromotionDescription,PromotionStartDate,PromotionStartHour,PromotionEndDate,PromotionEndHour,MinQty,DiscountedPrice,DiscountedPricePerMida
0,72906,,7290001670255,,2ב10 כוסות שתיה חמה הנמל,2019/09/01,06:00:00,2020/05/30,23:59:00,2,10,0
1,72906,,6210661,,3ב10.90 באגט בונזור - מאפית,2019/10/27,06:00:00,2020/05/30,23:59:00,3,10.90,0
2,72906,,7290104857041,,4ב10 כוסות שתיה קרה,2019/10/27,06:00:00,2020/05/30,23:59:00,4,10,0
3,72906,,7290001265116,,16.90 מטרנה גם וגם מעל 100 מוגבל ל1 יחידה,2019/10/27,06:00:00,2020/05/30,23:59:00,1,16.90,5.63
4,72906,,7290016277487,,3ב10 שיבולת שועל  350 גר,2019/10/27,06:00:00,2020/05/30,23:59:00,3,10,0.95
5,72906,,7290012600036,,2ב20 פחם 2קג,2019/10/27,06:00:00,2020/05/30,23:59:00,2,20,0.50
6,72906,,7290014581036,,2ב20 פחם 2קג,2019/10/27,06:00:00,2020/05/30,23:59:00,2,20,0.50
7,72906,,7290015253055,,2ב20 פחם 2קג,2019/10/27,06:00:00,2020/05/30,23:59:00,2,20,0.50
8,72906,,7290015941976,,2ב20 פחם 2קג,2019/10/27,06:00:00,2020/05/30,23:59:00,2,20,0.50
9,72906,,7290104855122,,2ב10 כוסות שתיה חמה פאלס,2019/12/01,06:00:00,2020/05/30,06:59:00,2,10,0.10
10,72906,,7290104857416,,2ב10 כוסות שתיה חמה פאלס,2019/12/01,06:00:00,2020/05/30,06:59:00,2,10,0
11,72906,,7290003107315,,4ב10 סולת דגן 1קג,2019/10/27,06:00:00,2020/05/30,23:00:00,4,10,10
12,72906,,7290002077725,,2ב25 סלמון מצונן נטו,2019/10/27,06:00:00,2020/05/30,23:59:00,2,25,25
13,72906,,7290003821754,,2ב25 סלמון מצונן נטו,2019/10/27,06:00:00,2020/05/30,23:59:00,2,25,25
14,72906,,7290016150117,,2ב10 סלק וואקום,2020/04/21,06:00:00,2020/05/30,23:00:00,2,10,0
15,72906,,7290016144000,,3ב25 קמח חיטה ניפלאות,2019/10/27,06:00:00,2020/05/30,23:59:00,3,25,0.83
16,72906,,7290016144031,,3ב18 קמח לבן ניפלאות מנופה,2019/10/27,06:00:00,2020/05/30,23:59:00,3,18,0.60
17,72906,,7290016144048,,2ב30 קמח כוסמין 1קג - נפלאות,2019/10/27,06:00:00,2020/05/30,23:59:00,2,30,1.50
18,72906,,7290014785564,,3ב12 אטריות מוכנות - טעמי אסיה,2019/10/27,06:00:00,2020/05/30,23:59:00,3,12,2
19,72906,,7290014785571,,3ב12 אטריות מוכנות - טעמי אסיה,2019/10/27,06:00:00,2020/05/30,23:59:00,3,12,2
20,72906,,7290014785588,,3ב12 אטריות מוכנות - טעמי אסיה,2019/10/27,06:00:00,2020/05/30,23:59:00,3,12,2.22
21,72906,,7290013608482,,3ב14 נקטר פרימור 1 ליטר,2019/10/30,06:00:00,2020/05/30,23:59:00,3,14,13.10
22,72906,,7290013608635,,3ב14 נקטר פרימור 1 ליטר,2019/10/30,06:00:00,2020/05/30,23:59:00,3,14,0
23,72906,,7290013608680,,3ב14 נקטר פרימור 1 ליטר,2019/10/30,06:00:00,2020/05/30,23:59:00,3,14,0
24,72906,,71718,,39.90חזה אסאדו טרי חלק מעל 100,2020/02/27,06:00:00,2020/05/30,23:59:00,1,39.90,39.90
25,72906,,7290010676590,,2ב15.90ירקות קפואים 600-800 גר',2019/11/12,06:00:00,2020/05/30,23:59:00,2,15.90,0.99
26,72906,,7290010676637,,2ב15.90ירקות קפואים 600-800 גר',2019/11/12,06:00:00,2020/05/30,23:59:00,2,15.90,0.99
27,72906,,7290010676644,,2ב15.90ירקות קפואים 600-800 גר',2019/11/12,06:00:00,2020/05/30,23:59:00,2,15.90,0.99
28,72906,,7290017616056,,2ב15.90ירקות קפואים 600-800 גר',2019/11/12,06:00:00,2020/05/30,23:59:00,2,15.90,1.33
29,72906,,7290017616179,,2ב15.90ירקות קפואים 600-800 גר',2019/11/12,06:00:00,2020/05/30,23:59:00,2,15.90,0.99
30,72906,,7290017616186,,2ב15.90ירקות קפואים 600-800 גר',2019/11/12,06:00:00,2020/05/30,23:59:00,2,15.90,0.99
31,72906,,7290008975551,,44.90מטרנה חלבית/מהדרין מעל 100 מוגבל 2,2019/12/29,06:00:00,2020/05/30,23:59:00,1,44.90,6.41
32,72906,,7290011447281,,44.90מטרנה חלבית/מהדרין מעל 100 מוגבל 2,2019/12/29,06:00:00,2020/05/30,23:59:00,1,44.90,6.41
33,72906,,7290011447304,,44.90מטרנה חלבית/מהדרין מעל 100 מוגבל 2,2019/12/29,06:00:00,2020/05/30,23:59:00,1,44.90,6.41
34,72906,,7290011447359,,44.90מטרנה חלבית/מהדרין מעל 100 מוגבל 2,2019/12/29,06:00:00,2020/05/30,23:59:00,1,44.90,6.41
35,72906,,10106,,39.90צוואר עם עצם טרי חלק מעל 100,2020/02/27,06:00:00,2020/05/30,23:59:00,1,39.90,0
36,72906,,365510,,79.90צלי כתף טרי חלק - מעל 100 מוגבל,2020/02/27,06:00:00,2020/05/30,23:59:00,1,79.90,0
37,72906,,5900535009705,,4ב12 בירה מולר/ואן פור בקבוק 500 מל,2020/03/08,06:00:00,2020/05/30,23:00:00,4,12,0.54
38,72906,,4079400131047,,"29.90בירה וולטרס 5.3% 330 מ""ל בקבוק שישייה",2020/04/19,06:00:00,2020/05/30,23:59:00,1,29.90,14.19
39,72906,,4079400330129,,"3ב15בירה וולטרס 4.9% פחית 500 מ""ל",2020/04/19,06:00:00,2020/05/30,23:59:00,3,15,0.94
40,72906,,4079400182742,,"24.90בירה פילסנר  4.9% 330מ""ל בקבוק שישייה",2020/04/19,06:00:00,2020/05/30,23:59:00,1,24.90,11.67
41,72906,,7290000909387,,"2ב18ניוקי תפו""א/ניוקי בטטה 1 קג' אבאל",2020/04/19,06:00:00,2020/05/30,23:59:00,2,18,0.90
42,72906,,7290900010664,,"2ב18ניוקי תפו""א/ניוקי בטטה 1 קג' אבאל",2020/04/19,06:00:00,2020/05/30,23:59:00,2,18,0.90
43,72906,,8691058141238,,3ב12ערמונים שלמים קלויים וקלופים 100 גר' אבאל,2020/04/19,06:00:00,2020/05/30,23:59:00,3,12,12
44,72906,,7290900011135,,3ב20עלי גפן 400 גר'/לבבות דקל שלמים 400 גר' אבאל,2020/04/19,06:00:00,2020/05/30,23:59:00,3,20,1.67
45,72906,,7290900010367,,2ב15טורטייה שמינייה 360 גר' אבאל,2020/04/19,06:00:00,2020/05/30,23:59:00,2,15,2.08
46,72906,,7290016150711,,2ב10נוזל קוקוס 400 גר' אבאל,2020/04/19,06:00:00,2020/05/30,23:59:00,2,10,1.25
47,72906,,608614310395,,3ב10קוסקוס 350 גר' חיטת דורות אבאל,2020/04/19,06:00:00,2020/05/30,23:59:00,3,10,0.95
48,72906,,8906064282371,,9.90עוגיות חמאה בפח 340 גר' אבאל,2020/04/19,06:00:00,2020/05/30,23:59:00,1,9.90,2.91
49,72906,,8906009801575,,3ב10גליליות וופל במילוי 100 גר' אבאל,2020/04/19,06:00:00,2020/05/30,23:59:00,3,10,10
50,72906,,8906009801599,,3ב10גליליות וופל במילוי 100 גר' אבאל,2020/04/19,06:00:00,2020/05/30,23:59:00,3,10,10
51,72906,,852802008032,,9.90שייק סמודי תפוח שישייה אבאל,2020/04/19,06:00:00,2020/05/30,23:59:00,1,9.90,2.54
52,72906,,852802008056,,9.90שייק סמודי תפוח שישייה אבאל,2020/04/19,06:00:00,2020/05/30,23:59:00,1,9.90,2.54
53,72906,,5201360797097,,2ב18עוגות ספוג אישיות מצופות שמינייה DAYS7,2020/04/19,06:00:00,2020/05/30,23:59:00,2,18,0
54,72906,,5201360797196,,2ב18עוגות ספוג אישיות מצופות שמינייה DAYS7,2020/04/19,06:00:00,2020/05/30,23:59:00,2,18,0
55,72906,,5201360724147,,2ב18רולדות אישיות מצופות שמינייה DAYS7,2020/04/19,06:00:00,2020/05/30,23:59:00,2,18,0
56,72906,,7290002304203,,19.90קונפיטורה ענבי ציון לייט 600 גר',2020/04/19,06:00:00,2020/05/30,23:59:00,1,19.90,3.32
57,72906,,7290002304234,,19.90קונפיטורה ענבי ציון לייט 600 גר',2020/04/19,06:00:00,2020/05/30,23:59:00,1,19.90,3.32
58,72906,,7290002304609,,17.90קונפיטורה ענבי ציון 600 גר' (לא כולל לייט),2020/04/19,06:00:00,2020/05/30,23:59:00,1,17.90,2.56
59,72906,,7290002304623,,17.90קונפיטורה ענבי ציון 600 גר' (לא כולל לייט),2020/04/19,06:00:00,2020/05/30,23:59:00,1,17.90,2.98
60,72906,,7290002304661,,17.90קונפיטורה ענבי ציון 600 גר' (לא כולל לייט),2020/04/19,06:00:00,2020/05/30,23:59:00,1,17.90,2.98
61,72906,,7290013284082,,2ב15פריניר זיתים חרוזית מושחר/חרוזית ירוק/זיתים טריו,2020/04/19,06:00:00,2020/05/30,23:59:00,2,15,1.34
62,72906,,7290013284112,,2ב15פריניר זיתים חרוזית מושחר/חרוזית ירוק/זיתים טריו,2020/04/19,06:00:00,2020/05/30,23:59:00,2,15,0
63,72906,,7290013284143,,2ב12פריניר מלפפון במלח/חומץ 10-12,2020/04/19,06:00:00,2020/05/30,23:59:00,2,12,1.07
64,72906,,7290002019794,,8ב10פריניר רסק עגבניות 100 גר',2020/04/19,06:00:00,2020/05/30,23:59:00,8,10,10
65,72906,,7290002019787,,2ב5.90פריניר רסק עגבניות 260 גר',2020/04/19,06:00:00,2020/05/30,23:59:00,2,5.90,1.13
66,72906,,7290002019114,,2ב11.90פריניר רסק עגבניות 580 גר'/מרוסקות 800 גר',2020/04/19,06:00:00,2020/05/30,23:59:00,2,11.90,1.03
67,72906,,7290002019763,,2ב11.90פריניר רסק עגבניות 580 גר'/מרוסקות 800 גר',2020/04/19,06:00:00,2020/05/30,23:59:00,2,11.90,0.74
68,72906,,7290016087222,,2ב8.90פריניר רטבים 230-240 גר',2020/04/19,06:00:00,2020/05/30,23:59:00,2,8.90,1.93
69,72906,,7290016449952,,"2ב50שמן זית כתית מעולה 750 מ""ל סבא חביב",2020/04/19,06:00:00,2020/05/30,23:59:00,2,50,3.33
70,72906,,7290011593117,,2ב35זית סורי ירוק מבוקע 800 גר' סבא חביב,2020/04/19,06:00:00,2020/05/30,23:59:00,2,35,2.19
71,72906,,7290018023006,,9.90זיתים 215 גר' סבא חביב,2020/04/19,06:00:00,2020/05/30,23:59:00,1,9.90,4.60
72,72906,,7290018023020,,9.90זיתים 215 גר' סבא חביב,2020/04/19,06:00:00,2020/05/30,23:59:00,1,9.90,4.60
73,72906,,7290018023051,,9.90זיתים 215 גר' סבא חביב,2020/04/19,06:00:00,2020/05/30,23:59:00,1,9.90,4.60
74,72906,,877300008711,,14.90נפטון מטחנת פלפל אבאל (לא כולל ג'מבו),2020/04/19,06:00:00,2020/05/30,23:59:00,1,14.90,22.92
75,72906,,7290018131138,,17.90גלידות לה קרמריה נסטלה 1.4 ליטר,2020/04/16,06:00:00,2020/05/30,23:59:00,1,17.90,1.28
76,72906,,7290106576797,,17.90גלידות לה קרמריה נסטלה 1.4 ליטר,2020/04/16,06:00:00,2020/05/30,23:59:00,1,17.90,1.28
77,72906,,7290106576810,,17.90גלידות לה קרמריה נסטלה 1.4 ליטר,2020/04/16,06:00:00,2020/05/30,23:59:00,1,17.90,1.28
78,72906,,7290106576834,,17.90גלידות לה קרמריה נסטלה 1.4 ליטר,2020/04/16,06:00:00,2020/05/30,23:59:00,1,17.90,12.79
79,72906,,7290106576858,,17.90גלידות לה קרמריה נסטלה 1.4 ליטר,2020/04/16,06:00:00,2020/05/30,23:59:00,1,17.90,1.28
80,72906,,7290106576919,,17.90גלידות לה קרמריה נסטלה 1.4 ליטר,2020/04/16,06:00:00,2020/05/30,23:59:00,1,17.90,1.28
81,72906,,7290106576971,,17.90גלידות לה קרמריה נסטלה 1.4 ליטר,2020/04/16,06:00:00,2020/05/30,23:59:00,1,17.90,1.28
82,72906,,7290106577039,,17.90גלידות לה קרמריה נסטלה 1.4 ליטר,2020/04/16,06:00:00,2020/05/30,23:59:00,1,17.90,1.28
83,72906,,7290107875400,,17.90גלידות לה קרמריה נסטלה 1.4 ליטר,2020/04/16,06:00:00,2020/05/30,23:59:00,1,17.90,1.28
84,72906,,7290111565038,,17.90גלידות לה קרמריה נסטלה 1.4 ליטר,2020/04/16,06:00:00,2020/05/30,23:59:00,1,17.90,1.28
85,72906,,7290111564192,,16.90מאגדת לה פרוטה סורבה נסטלה,2020/04/16,06:00:00,2020/05/30,23:59:00,1,16.90,2.49
86,72906,,7290111566127,,15.90מאגדת לה פרוטה סורבה נסטלה,2020/04/16,06:00:00,2020/05/30,23:59:00,1,15.90,8.03
87,72906,,7290107879521,,19.90מאגדות לה פרוטה 5 יח' נסטלה,2020/04/16,06:00:00,2020/05/30,23:59:00,1,19.90,5.69
88,72906,,7290107879569,,19.90מאגדות לה פרוטה 5 יח' נסטלה,2020/04/16,06:00:00,2020/05/30,23:59:00,1,19.90,28.43
89,72906,,7290109354057,,19.90מאגדות לה פרוטה 5 יח' נסטלה,2020/04/16,06:00:00,2020/05/30,23:59:00,1,19.90,5.69
90,72906,,7290112962546,,19.90מאגדות לה פרוטה 5 יח' נסטלה,2020/04/16,06:00:00,2020/05/30,23:59:00,1,19.90,5.69
91,72906,,7290107871532,,11.90מאגדת קרחונים מלון דובדבן נסטלה,2020/04/16,06:00:00,2020/05/30,23:59:00,1,11.90,1.49
92,72906,,7290011515683,,24.90מאגדות אקסטרים נסטלה שישייה,2020/04/16,06:00:00,2020/05/30,23:59:00,1,24.90,5.76
93,72906,,7290112963529,,24.90מאגדות אקסטרים נסטלה שישייה,2020/04/16,06:00:00,2020/05/30,23:59:00,1,24.90,5.76
94,72906,,7290012696848,,10ב10 תבניות אלומניום,2020/04/05,06:00:00,2020/05/30,23:59:00,10,10,0
95,72906,,7290103152956,,10ב10 תבניות אלומניום,2020/04/05,06:00:00,2020/05/30,23:59:00,10,10,0
96,72906,,7301,,10ב10 תבניות אלומניום,2020/04/05,06:00:00,2020/05/30,23:59:00,10,10,0
97,72906,,7290112482211,,6ב10 תבניות אלומניום ענק,2020/04/05,06:00:00,2020/05/30,23:59:00,6,10,0
98,72906,,7304,,6ב10 תבניות אלומניום ענק,2020/04/05,06:00:00,2020/05/30,23:59:00,6,10,0
99,72906,,7290103152970,,20ב10 תבניות אלומניום,2020/04/05,06:00:00,2020/05/30,23:59:00,20,10,0
100,72906,,7290103152987,,20ב10 תבניות אלומניום,2020/04/05,06:00:00,2020/05/30,23:59:00,20,10,0
101,72906,,7302,,20ב10 תבניות אלומניום,2020/04/05,06:00:00,2020/05/30,23:59:00,20,10,0
102,72906,,2627203,,69.90 מוח בקר קפוא כשרות רבנות,2020/04/12,06:00:00,2020/05/05,23:59:00,1,69.90,0
103,72906,,2206057,,19.90חזה עוף טרי שלם מעל 100 מוגבל ל3 קג,2020/05/03,06:00:00,2020/05/30,23:59:00,1,19.90,0
104,72906,,7290015833127,,"2ב30ג'ל לניקוי ידיים 200 מ""ל",2020/05/03,06:00:00,2020/05/30,23:59:00,2,30,0
105,72906,,2556,,3ב14 עגבניות פולפה בודד,2020/04/16,06:00:00,2020/05/30,06:00:00,3,14,1.17
106,72906,,884912301642,,20.90דגני בוקר אוראו פוסט,2020/05/03,06:00:00,2020/05/30,23:55:00,1,20.90,6.72
107,72906,,7290000056883,,2ב45 יופלה שמינייה,2020/05/03,06:00:00,2020/05/16,23:55:00,2,45,1.88
108,72906,,7290000056890,,2ב45 יופלה שמינייה,2020/05/03,06:00:00,2020/05/16,23:55:00,2,45,1.88
109,72906,,7290004121525,,2ב45 יופלה שמינייה,2020/05/03,06:00:00,2020/05/16,23:55:00,2,45,18.75
110,72906,,7290000056906,,2ב28 מאגדת שמינייה יופלה - תנובה,2020/05/03,06:00:00,2020/05/16,23:59:00,2,28,1.17
111,72906,,7290004129767,,2ב28 מאגדת שמינייה יופלה - תנובה,2020/05/03,06:00:00,2020/05/16,23:59:00,2,28,1.17
112,72906,,7290014758100,,2ב28 מאגדת שמינייה יופלה - תנובה,2020/05/03,06:00:00,2020/05/16,23:59:00,2,28,1.17
113,72906,,7290014758117,,2ב28 מאגדת שמינייה יופלה - תנובה,2020/05/03,06:00:00,2020/05/16,23:59:00,2,28,1.17
114,72906,,7290004133511,,2ב30 יופלה מעודן 150 גר' מאגדת שמינייה,2020/05/03,06:00:00,2020/05/16,23:55:00,2,30,12.50
115,72906,,7290110321031,,"4ב20 יופלה משקה יוגורט 250 מ""ל GO-תנובה",2020/05/03,06:00:00,2020/05/16,23:55:00,4,20,2.50
116,72906,,7290110321048,,"4ב20 יופלה משקה יוגורט 250 מ""ל GO-תנובה",2020/05/03,06:00:00,2020/05/16,23:55:00,4,20,2.50
117,72906,,7290110321680,,"4ב20 יופלה משקה יוגורט 250 מ""ל GO-תנובה",2020/05/03,06:00:00,2020/05/16,23:55:00,4,20,2.50
118,72906,,7290110321697,,"4ב20 יופלה משקה יוגורט 250 מ""ל GO-תנובה",2020/05/03,06:00:00,2020/05/16,23:55:00,4,20,2.50
119,72906,,7290110321703,,"4ב20 יופלה משקה יוגורט 250 מ""ל GO-תנובה",2020/05/03,06:00:00,2020/05/16,23:55:00,4,20,2.50
120,72906,,7290110323066,,"4ב20 יופלה משקה יוגורט 250 מ""ל GO-תנובה",2020/05/03,06:00:00,2020/05/16,23:55:00,4,20,0
121,72906,,7290110323073,,"4ב20 יופלה משקה יוגורט 250 מ""ל GO-תנובה",2020/05/03,06:00:00,2020/05/16,23:55:00,4,20,0
122,72906,,7290110323202,,"4ב20 יופלה משקה יוגורט 250 מ""ל GO-תנובה",2020/05/03,06:00:00,2020/05/16,23:55:00,4,20,2.50
123,72906,,7290110325114,,"4ב20 יופלה משקה יוגורט 250 מ""ל GO-תנובה",2020/05/03,06:00:00,2020/05/16,23:55:00,4,20,0
124,72906,,7290110325121,,"4ב20 יופלה משקה יוגורט 250 מ""ל GO-תנובה",2020/05/03,06:00:00,2020/05/16,23:55:00,4,20,0
125,72906,,2043,,2ב10 צנונית ארוזה,2020/04/26,06:00:00,2020/05/30,23:55:00,2,10,0
126,72906,,2028,,4.90 מלפפון מעל 100 מוגבל 3קג,2020/05/03,06:00:00,2020/05/30,23:59:00,1,4.90,0
127,72906,,2036,,0.90 עגבנייה מעל 100 מוגבל 3קג,2020/05/03,06:00:00,2020/05/30,23:00:00,1,0.90,0
128,72906,,2040,,0.90 פלפל ירוק מעל 100 מוגבל 3קג,2020/05/03,06:00:00,2020/05/30,23:00:00,1,0.90,0
129,72906,,2014,,0.90 גזר ארוז מעל 100 מוגבל 3קג,2020/05/03,06:00:00,2020/05/30,23:00:00,1,0.90,0
130,72906,,2024,,0.90 כרוב לבן מעל 100 מוגבל 3קג,2020/05/03,06:00:00,2020/05/30,23:00:00,1,0.90,0
131,72906,,2058,,0.90 תפוא לבן מעל 100 מוגבל שק,2020/05/03,06:00:00,2020/05/30,23:00:00,1,0.90,0
132,72906,,2074,,2ב15 עגבניות שרי ארוזות,2020/04/30,06:00:00,2020/05/04,23:00:00,2,15,0
133,72906,,2053,,2ב15 שום יבש ארוז,2020/04/30,06:00:00,2020/05/04,23:55:00,2,15,0
134,72906,,372204,,3ב100 דג ברמונדי טרי שלם נקי מעל 100 מוגבל מימוש,2020/05/04,06:00:00,2020/05/09,23:59:00,3,100,0
135,72906,,366203,,3ב100 דג בורי טרי שלם נקי מעל 100 מוגבל מימוש,2020/05/04,06:00:00,2020/05/09,23:00:00,3,100,0
136,72906,,282305,,2ב99 דג לברק טרי שלם נקי מעל 100 מוגבל מימוש,2020/05/04,06:00:00,2020/05/09,23:59:00,2,99,0
137,72906,,560915,,2ב99 דג דניס טרי שלם נקי מעל 100 מוגבל מימוש,2020/05/03,06:00:00,2020/05/09,23:00:00,2,99,0
138,72906,,571515,,69.90 פילה סלמון טרי שלם נקי מעל 100 מוגבל ל3קג,2020/05/04,06:00:00,2020/05/09,23:59:00,1,69.90,6.99
139,72906,,23489,,49.90 סלמון טרי שלם מעל 100 מוגבל 3קג,2020/05/04,06:00:00,2020/05/09,23:00:00,1,49.90,0
140,72906,,7290014760141,,2ב20 משקה שקדים 1 ליטר תנובה,2020/05/03,06:00:00,2020/05/16,23:55:00,2,20,1
141,72906,,7290110323714,,2ב20 משקה שקדים 1 ליטר תנובה,2020/05/03,06:00:00,2020/05/16,23:55:00,2,20,1
142,72906,,7290110325619,,2ב20 משקה שקדים 1 ליטר תנובה,2020/05/03,06:00:00,2020/05/16,23:55:00,2,20,1
143,72906,,2105367,,79.90 אנטריקוט עגל מצונן מחפוד מעל 100 שח מוגבל ל3 קג,2020/05/03,06:00:00,2020/05/30,23:55:00,1,79.90,79.90
144,72906,,7290011765217,,"9.90ג'ל לניקוי ידיים בתוספת אלוורה  100 מ""ל סנו",2020/05/03,06:00:00,2020/05/30,23:00:00,1,9.90,9.90
145,72906,,16000281684,,5%למשלמים בכרטיס אשראי ויקטורי,2020/02/04,06:00:00,2020/05/30,23:59:00,1,18.91,9
146,72906,,16000423534,,5%למשלמים בכרטיס אשראי ויקטורי,2020/02/04,06:00:00,2020/05/30,23:59:00,1,18.91,9
147,72906,,16000548404,,5%למשלמים בכרטיס אשראי ויקטורי,2020/02/04,06:00:00,2020/05/30,23:59:00,1,18.91,10.81
148,72906,,16000548503,,5%למשלמים בכרטיס אשראי ויקטורי,2020/02/04,06:00:00,2020/05/30,23:59:00,1,18.91,9
149,72906,,16000548602,,5%למשלמים בכרטיס אשראי ויקטורי,2020/02/04,06:00:00,2020/05/30,23:59:00,1,18.91,9
150,72906,,16000548909,,5%למשלמים בכרטיס אשראי ויקטורי,2020/02/04,06:00:00,2020/05/30,23:59:00,1,18.91,9
151,72906,,3387390320244,,5%למשלמים בכרטיס אשראי ויקטורי,2020/02/04,06:00:00,2020/05/30,23:59:00,1,18.91,5.04
152,72906,,3387390525960,,5%למשלמים בכרטיס אשראי ויקטורי,2020/02/04,06:00:00,2020/05/30,23:59:00,1,24.61,4.92
153,72906,,3387390730852,,5%למשלמים בכרטיס אשראי ויקטורי,2020/02/04,06:00:00,2020/05/30,23:59:00,1,18.91,5.04
154,72906,,38527591053,,5%למשלמים בכרטיס אשראי ויקטורי,2020/02/04,06:00:00,2020/05/30,23:59:00,1,18.91,4.59
155,72906,,38527591121,,5%למשלמים בכרטיס אשראי ויקטורי,2020/02/04,06:00:00,2020/05/30,23:59:00,1,18.91,4.75
156,72906,,38527591145,,5%למשלמים בכרטיס אשראי ויקטורי,2020/02/04,06:00:00,2020/05/30,23:59:00,1,18.91,5.33
157,72906,,4011800567613,,5%למשלמים בכרטיס אשראי ויקטורי,2020/02/04,06:00:00,2020/05/30,23:59:00,1,15.11,12.59
158,72906,,4011800568610,,5%למשלמים בכרטיס אשראי ויקטורי,2020/02/04,06:00:00,2020/05/30,23:59:00,1,11.31,9.43
159,72906,,4011800628512,,5%למשלמים בכרטיס אשראי ויקטורי,2020/02/04,06:00:00,2020/05/30,23:59:00,1,11.31,7.54
160,72906,,4011800629519,,5%למשלמים בכרטיס אשראי ויקטורי,2020/02/04,06:00:00,2020/05/30,23:59:00,1,11.31,7.54
161,72906,,4011800630515,,5%למשלמים בכרטיס אשראי ויקטורי,2020/02/04,06:00:00,2020/05/30,23:59:00,1,11.31,7.54
162,72906,,4011800632519,,5%למשלמים בכרטיס אשראי ויקטורי,2020/02/04,06:00:00,2020/05/30,23:59:00,1,11.31,7.54
163,72906,,4011800633516,,5%למשלמים בכרטיס אשראי ויקטורי,2020/02/04,06:00:00,2020/05/30,23:59:00,1,11.31,7.54
164,72906,,5000127533196,,5%למשלמים בכרטיס אשראי ויקטורי,2020/02/04,06:00:00,2020/05/30,23:59:00,1,21.76,11.39
165,72906,,5053827168892,,5%למשלמים בכרטיס אשראי ויקטורי,2020/02/04,06:00:00,2020/05/30,23:59:00,1,21.76,7.50
166,72906,,5900020015174,,5%למשלמים בכרטיס אשראי ויקטורי,2020/02/04,06:00:00,2020/05/30,23:59:00,1,15.11,10.72
167,72906,,5900020018908,,5%למשלמים בכרטיס אשראי ויקטורי,2020/02/04,06:00:00,2020/05/30,23:59:00,1,15.11,10.72
168,72906,,5900020020741,,5%למשלמים בכרטיס אשראי ויקטורי,2020/02/04,06:00:00,2020/05/30,23:59:00,1,16.06,10.71
169,72906,,5900020022066,,5%למשלמים בכרטיס אשראי ויקטורי,2020/02/04,06:00:00,2020/05/30,23:59:00,1,15.11,10.72
170,72906,,5900020024817,,5%למשלמים בכרטיס אשראי ויקטורי,2020/02/04,06:00:00,2020/05/30,23:59:00,1,15.11,11.19
171,72906,,5900020025647,,5%למשלמים בכרטיס אשראי ויקטורי,2020/02/04,06:00:00,2020/05/30,23:59:00,1,15.11,11.19
172,72906,,5900020026552,,5%למשלמים בכרטיס אשראי ויקטורי,2020/02/04,06:00:00,2020/05/30,23:59:00,1,25.56,4.09
173,72906,,5900020029669,,5%למשלמים בכרטיס אשראי ויקטורי,2020/02/04,06:00:00,2020/05/30,23:59:00,1,16.06,68.34
174,72906,,5900020031877,,5%למשלמים בכרטיס אשראי ויקטורי,2020/02/04,06:00:00,2020/05/30,23:59:00,1,16.06,10.71
175,72906,,5900020033314,,5%למשלמים בכרטיס אשראי ויקטורי,2020/02/04,06:00:00,2020/05/30,23:59:00,1,15.11,10.07
176,72906,,5900020034021,,5%למשלמים בכרטיס אשראי ויקטורי,2020/02/04,06:00:00,2020/05/30,23:59:00,1,15.11,10.72
177,72906,,5900020034991,,5%למשלמים בכרטיס אשראי ויקטורי,2020/02/04,06:00:00,2020/05/30,23:59:00,1,25.56,5.68
178,72906,,5900020035592,,5%למשלמים בכרטיס אשראי ויקטורי,2020/02/04,06:00:00,2020/05/30,23:59:00,1,16.06,11.39
179,72906,,7290000072968,,5%למשלמים בכרטיס אשראי ויקטורי,2020/02/04,06:00:00,2020/05/30,23:59:00,1,25.56,6.82
180,72906,,7290000114255,,5%למשלמים בכרטיס אשראי ויקטורי,2020/02/04,06:00:00,2020/05/30,23:59:00,1,13.21,2.64
181,72906,,7290000168173,,5%למשלמים בכרטיס אשראי ויקטורי,2020/02/04,06:00:00,2020/05/30,23:59:00,1,21.76,5.80
182,72906,,7290000169798,,5%למשלמים בכרטיס אשראי ויקטורי,2020/02/04,06:00:00,2020/05/30,23:59:00,1,17.96,3.59
183,72906,,7290000315140,,5%למשלמים בכרטיס אשראי ויקטורי,2020/02/04,06:00:00,2020/05/30,23:59:00,1,15.11,3.02
184,72906,,7290000480107,,5%למשלמים בכרטיס אשראי ויקטורי,2020/02/04,06:00:00,2020/05/30,23:59:00,1,11.31,2.26
185,72906,,7290002543237,,5%למשלמים בכרטיס אשראי ויקטורי,2020/02/04,06:00:00,2020/05/30,23:59:00,1,13.21,1.76
186,72906,,7290003411832,,5%למשלמים בכרטיס אשראי ויקטורי,2020/02/04,06:00:00,2020/05/30,23:59:00,1,9.50,2.38
187,72906,,7290003411849,,5%למשלמים בכרטיס אשראי ויקטורי,2020/02/04,06:00:00,2020/05/30,23:59:00,1,9.50,2.38
188,72906,,7290003411856,,5%למשלמים בכרטיס אשראי ויקטורי,2020/02/04,06:00:00,2020/05/30,23:59:00,1,9.50,2.38
189,72906,,7290005095894,,5%למשלמים בכרטיס אשראי ויקטורי,2020/02/04,06:00:00,2020/05/30,23:59:00,1,16.06,3.57
190,72906,,7290011131203,,5%למשלמים בכרטיס אשראי ויקטורי,2020/02/04,06:00:00,2020/05/30,23:59:00,1,24.61,2.46
191,72906,,7290011131371,,5%למשלמים בכרטיס אשראי ויקטורי,2020/02/04,06:00:00,2020/05/30,23:59:00,1,24.61,24.61
192,72906,,7290011131388,,5%למשלמים בכרטיס אשראי ויקטורי,2020/02/04,06:00:00,2020/05/30,23:59:00,1,24.61,24.61
193,72906,,7290011131395,,5%למשלמים בכרטיס אשראי ויקטורי,2020/02/04,06:00:00,2020/05/30,23:59:00,1,24.61,24.61
194,72906,,7290011131609,,5%למשלמים בכרטיס אשראי ויקטורי,2020/02/04,06:00:00,2020/05/30,23:59:00,1,24.61,2.46
195,72906,,7290011131616,,5%למשלמים בכרטיס אשראי ויקטורי,2020/02/04,06:00:00,2020/05/30,23:59:00,1,24.61,2.46
196,72906,,7290011131654,,5%למשלמים בכרטיס אשראי ויקטורי,2020/02/04,06:00:00,2020/05/30,23:59:00,1,24.61,0.25
197,72906,,7290011131968,,5%למשלמים בכרטיס אשראי ויקטורי,2020/02/04,06:00:00,2020/05/30,23:59:00,1,24.70,24.70
198,72906,,7290011668587,,5%למשלמים בכרטיס אשראי ויקטורי,2020/02/04,06:00:00,2020/05/30,23:59:00,1,28.41,5.68
199,72906,,7290012022968,,5%למשלמים בכרטיס אשראי ויקטורי,2020/02/04,06:00:00,2020/05/30,23:59:00,1,3.71,0
200,72906,,7290012022975,,5%למשלמים בכרטיס אשראי ויקטורי,2020/02/04,06:00:00,2020/05/30,23:59:00,1,3.71,0
201,72906,,7290012022982,,5%למשלמים בכרטיס אשראי ויקטורי,2020/02/04,06:00:00,2020/05/30,23:59:00,1,3.71,0
202,72906,,7290012052880,,5%למשלמים בכרטיס אשראי ויקטורי,2020/02/04,06:00:00,2020/05/30,23:59:00,1,9.41,6.72
203,72906,,7290012052903,,5%למשלמים בכרטיס אשראי ויקטורי,2020/02/04,06:00:00,2020/05/30,23:59:00,1,9.41,6.72
204,72906,,7290012052910,,5%למשלמים בכרטיס אשראי ויקטורי,2020/02/04,06:00:00,2020/05/30,23:59:00,1,9.41,6.72
205,72906,,7290012309670,,5%למשלמים בכרטיס אשראי ויקטורי,2020/02/04,06:00:00,2020/05/30,23:59:00,1,14.16,2.83
206,72906,,7290014095861,,5%למשלמים בכרטיס אשראי ויקטורי,2020/02/04,06:00:00,2020/05/30,23:59:00,1,5.61,1.12
207,72906,,7290014095960,,5%למשלמים בכרטיס אשראי ויקטורי,2020/02/04,06:00:00,2020/05/30,23:59:00,1,5.61,1.12
208,72906,,7290014471412,,5%למשלמים בכרטיס אשראי ויקטורי,2020/02/04,06:00:00,2020/05/30,23:59:00,1,18.91,1.89
209,72906,,7290014471429,,5%למשלמים בכרטיס אשראי ויקטורי,2020/02/04,06:00:00,2020/05/30,23:59:00,1,18.91,1.89
210,72906,,7290014471436,,5%למשלמים בכרטיס אשראי ויקטורי,2020/02/04,06:00:00,2020/05/30,23:59:00,1,18.91,1.89
211,72906,,7290014471443,,5%למשלמים בכרטיס אשראי ויקטורי,2020/02/04,06:00:00,2020/05/30,23:59:00,1,18.91,1.89
212,72906,,7290014525016,,5%למשלמים בכרטיס אשראי ויקטורי,2020/02/04,06:00:00,2020/05/30,23:59:00,1,10.36,5.69
213,72906,,7290014525290,,5%למשלמים בכרטיס אשראי ויקטורי,2020/02/04,06:00:00,2020/05/30,23:59:00,1,10.36,8.63
214,72906,,7290014525313,,5%למשלמים בכרטיס אשראי ויקטורי,2020/02/04,06:00:00,2020/05/30,23:59:00,1,10.36,8.29
215,72906,,7290016277487,,5%למשלמים בכרטיס אשראי ויקטורי,2020/02/04,06:00:00,2020/05/30,23:59:00,1,3.71,1.06
216,72906,,7290100702987,,5%למשלמים בכרטיס אשראי ויקטורי,2020/02/04,06:00:00,2020/05/30,23:59:00,1,4.66,0.93
217,72906,,7290100703564,,5%למשלמים בכרטיס אשראי ויקטורי,2020/02/04,06:00:00,2020/05/30,23:59:00,1,4.66,0.93
218,72906,,7290106577961,,5%למשלמים בכרטיס אשראי ויקטורי,2020/02/04,06:00:00,2020/05/30,23:59:00,1,17.01,5
219,72906,,7290107643351,,5%למשלמים בכרטיס אשראי ויקטורי,2020/02/04,06:00:00,2020/05/30,23:59:00,1,17.01,11.34
220,72906,,7290107646147,,5%למשלמים בכרטיס אשראי ויקטורי,2020/02/04,06:00:00,2020/05/30,23:59:00,1,14.16,9.08
221,72906,,7290107646154,,5%למשלמים בכרטיס אשראי ויקטורי,2020/02/04,06:00:00,2020/05/30,23:59:00,1,14.16,11.24
222,72906,,7290107646826,,5%למשלמים בכרטיס אשראי ויקטורי,2020/02/04,06:00:00,2020/05/30,23:59:00,1,14.16,9.08
223,72906,,7290107646833,,5%למשלמים בכרטיס אשראי ויקטורי,2020/02/04,06:00:00,2020/05/30,23:59:00,1,14.16,10.26
224,72906,,7290107646925,,5%למשלמים בכרטיס אשראי ויקטורי,2020/02/04,06:00:00,2020/05/30,23:59:00,1,23.66,5.77
225,72906,,7290107647717,,5%למשלמים בכרטיס אשראי ויקטורי,2020/02/04,06:00:00,2020/05/30,23:59:00,1,28.41,3.79
226,72906,,7290107647724,,5%למשלמים בכרטיס אשראי ויקטורי,2020/02/04,06:00:00,2020/05/30,23:59:00,1,28.41,3.79
227,72906,,7290107647731,,5%למשלמים בכרטיס אשראי ויקטורי,2020/02/04,06:00:00,2020/05/30,23:59:00,1,20.81,5.55
228,72906,,7290107647748,,5%למשלמים בכרטיס אשראי ויקטורי,2020/02/04,06:00:00,2020/05/30,23:59:00,1,20.81,4.16
229,72906,,7290107647816,,5%למשלמים בכרטיס אשראי ויקטורי,2020/02/04,06:00:00,2020/05/30,23:59:00,1,21.76,4.35
230,72906,,7290107647823,,5%למשלמים בכרטיס אשראי ויקטורי,2020/02/04,06:00:00,2020/05/30,23:59:00,1,21.76,4.35
231,72906,,7290107647854,,5%למשלמים בכרטיס אשראי ויקטורי,2020/02/04,06:00:00,2020/05/30,23:59:00,1,17.96,3.59
232,72906,,7290107942126,,5%למשלמים בכרטיס אשראי ויקטורי,2020/02/04,06:00:00,2020/05/30,23:59:00,1,17.01,4.25
233,72906,,7290107947466,,5%למשלמים בכרטיס אשראי ויקטורי,2020/02/04,06:00:00,2020/05/30,23:59:00,1,14.16,8.43
234,72906,,7290107947480,,5%למשלמים בכרטיס אשראי ויקטורי,2020/02/04,06:00:00,2020/05/30,23:59:00,1,14.16,8.43
235,72906,,7290109358765,,5%למשלמים בכרטיס אשראי ויקטורי,2020/02/04,06:00:00,2020/05/30,23:59:00,1,25.56,5.68
236,72906,,7290110563851,,5%למשלמים בכרטיס אשראי ויקטורי,2020/02/04,06:00:00,2020/05/30,23:59:00,1,14.16,9.83
237,72906,,7290110563868,,5%למשלמים בכרטיס אשראי ויקטורי,2020/02/04,06:00:00,2020/05/30,23:59:00,1,14.16,9.83
238,72906,,7290112335937,,5%למשלמים בכרטיס אשראי ויקטורי,2020/02/04,06:00:00,2020/05/30,23:59:00,1,14.16,9.83
239,72906,,7290112341174,,5%למשלמים בכרטיס אשראי ויקטורי,2020/02/04,06:00:00,2020/05/30,23:59:00,1,14.16,9.83
240,72906,,7290112345622,,5%למשלמים בכרטיס אשראי ויקטורי,2020/02/04,06:00:00,2020/05/30,23:59:00,1,14.16,9.83
241,72906,,7290112346186,,5%למשלמים בכרטיס אשראי ויקטורי,2020/02/04,06:00:00,2020/05/30,23:59:00,1,17.01,15.19
242,72906,,7290112346193,,5%למשלמים בכרטיס אשראי ויקטורי,2020/02/04,06:00:00,2020/05/30,23:59:00,1,17.01,15.19
243,72906,,7290112346209,,5%למשלמים בכרטיס אשראי ויקטורי,2020/02/04,06:00:00,2020/05/30,23:59:00,1,17.01,15.19
244,72906,,7290112491701,,5%למשלמים בכרטיס אשראי ויקטורי,2020/02/04,06:00:00,2020/05/30,23:59:00,1,21.76,5.80
245,72906,,7290112493255,,5%למשלמים בכרטיס אשראי ויקטורי,2020/02/04,06:00:00,2020/05/30,23:59:00,1,18.91,5.40
246,72906,,7290112493279,,5%למשלמים בכרטיס אשראי ויקטורי,2020/02/04,06:00:00,2020/05/30,23:59:00,1,18.91,5.40
247,72906,,7290112494351,,5%למשלמים בכרטיס אשראי ויקטורי,2020/02/04,06:00:00,2020/05/30,23:59:00,1,17.96,2.11
248,72906,,7290112494993,,5%למשלמים בכרטיס אשראי ויקטורי,2020/02/04,06:00:00,2020/05/30,23:59:00,1,28.41,4.14
249,72906,,7290112495006,,5%למשלמים בכרטיס אשראי ויקטורי,2020/02/04,06:00:00,2020/05/30,23:59:00,1,23.66,3.45
250,72906,,7290112495020,,5%למשלמים בכרטיס אשראי ויקטורי,2020/02/04,06:00:00,2020/05/30,23:59:00,1,28.41,4.14
251,72906,,7290112495037,,5%למשלמים בכרטיס אשראי ויקטורי,2020/02/04,06:00:00,2020/05/30,23:59:00,1,20.81,5.55
252,72906,,7290112495044,,5%למשלמים בכרטיס אשראי ויקטורי,2020/02/04,06:00:00,2020/05/30,23:59:00,1,20.81,5.55
253,72906,,7290112495099,,5%למשלמים בכרטיס אשראי ויקטורי,2020/02/04,06:00:00,2020/05/30,23:59:00,1,20.81,5.55
254,72906,,7290112495228,,5%למשלמים בכרטיס אשראי ויקטורי,2020/02/04,06:00:00,2020/05/30,23:59:00,1,16.06,3.32
255,72906,,7290112495235,,5%למשלמים בכרטיס אשראי ויקטורי,2020/02/04,06:00:00,2020/05/30,23:59:00,1,18.91,4.56
256,72906,,7290112495242,,5%למשלמים בכרטיס אשראי ויקטורי,2020/02/04,06:00:00,2020/05/30,23:59:00,1,16.06,3.58
257,72906,,7290112495280,,5%למשלמים בכרטיס אשראי ויקטורי,2020/02/04,06:00:00,2020/05/30,23:59:00,1,21.76,5.44
258,72906,,7290112495433,,5%למשלמים בכרטיס אשראי ויקטורי,2020/02/04,06:00:00,2020/05/30,23:59:00,1,21.76,5.44
259,72906,,7610023050413,,5%למשלמים בכרטיס אשראי ויקטורי,2020/02/04,06:00:00,2020/05/30,23:59:00,1,25.56,5.11
260,72906,,7613030979647,,5%למשלמים בכרטיס אשראי ויקטורי,2020/02/04,06:00:00,2020/05/30,23:59:00,1,25.56,5.33
261,72906,,7613031608850,,5%למשלמים בכרטיס אשראי ויקטורי,2020/02/04,06:00:00,2020/05/30,23:59:00,1,31.26,5
262,72906,,7613032045753,,5%למשלמים בכרטיס אשראי ויקטורי,2020/02/04,06:00:00,2020/05/30,23:59:00,1,18.91,5.04
263,72906,,7613033548192,,5%למשלמים בכרטיס אשראי ויקטורי,2020/02/04,06:00:00,2020/05/30,23:59:00,1,18.91,5.04
264,72906,,7613034792785,,5%למשלמים בכרטיס אשראי ויקטורי,2020/02/04,06:00:00,2020/05/30,23:59:00,1,22.71,4.02
265,72906,,7613035548374,,5%למשלמים בכרטיס אשראי ויקטורי,2020/02/04,06:00:00,2020/05/30,23:59:00,1,25.56,4.48
266,72906,,7613035622623,,5%למשלמים בכרטיס אשראי ויקטורי,2020/02/04,06:00:00,2020/05/30,23:59:00,1,15.11,5.04
267,72906,,7613035635845,,5%למשלמים בכרטיס אשראי ויקטורי,2020/02/04,06:00:00,2020/05/30,23:59:00,1,15.11,5.04
268,72906,,7613035758834,,5%למשלמים בכרטיס אשראי ויקטורי,2020/02/04,06:00:00,2020/05/30,23:59:00,1,15.11,5.04
269,72906,,7613036045544,,5%למשלמים בכרטיס אשראי ויקטורי,2020/02/04,06:00:00,2020/05/30,23:59:00,1,21.76,4.73
270,72906,,7613036387798,,5%למשלמים בכרטיס אשראי ויקטורי,2020/02/04,06:00:00,2020/05/30,23:59:00,1,18.91,5.40
271,72906,,7613036727280,,5%למשלמים בכרטיס אשראי ויקטורי,2020/02/04,06:00:00,2020/05/30,23:59:00,1,25.56,5.33
272,72906,,7613037276091,,5%למשלמים בכרטיס אשראי ויקטורי,2020/02/04,06:00:00,2020/05/30,23:59:00,1,16.06,0
273,72906,,7613037686906,,5%למשלמים בכרטיס אשראי ויקטורי,2020/02/04,06:00:00,2020/05/30,23:59:00,1,18.91,5.33
274,72906,,7613038268262,,5%למשלמים בכרטיס אשראי ויקטורי,2020/02/04,06:00:00,2020/05/30,23:59:00,1,19.86,4.84
275,72906,,7613038451954,,5%למשלמים בכרטיס אשראי ויקטורי,2020/02/04,06:00:00,2020/05/30,23:59:00,1,22.71,5.54
276,72906,,8410076600622,,5%למשלמים בכרטיס אשראי ויקטורי,2020/02/04,06:00:00,2020/05/30,23:59:00,1,18.91,9
277,72906,,8410076610379,,5%למשלמים בכרטיס אשראי ויקטורי,2020/02/04,06:00:00,2020/05/30,23:59:00,1,23.66,11.27
278,72906,,8410076610386,,5%למשלמים בכרטיס אשראי ויקטורי,2020/02/04,06:00:00,2020/05/30,23:59:00,1,23.66,11.27
279,72906,,8410076620361,,5%למשלמים בכרטיס אשראי ויקטורי,2020/02/04,06:00:00,2020/05/30,23:59:00,1,18.91,9.95
280,72906,,8410076620613,,5%למשלמים בכרטיס אשראי ויקטורי,2020/02/04,06:00:00,2020/05/30,23:59:00,1,18.91,9.95
281,72906,,8410076620941,,5%למשלמים בכרטיס אשראי ויקטורי,2020/02/04,06:00:00,2020/05/30,23:59:00,1,18.91,13.51
282,72906,,8423207206488,,5%למשלמים בכרטיס אשראי ויקטורי,2020/02/04,06:00:00,2020/05/30,23:59:00,1,10.36,8.63
283,72906,,8423207206501,,5%למשלמים בכרטיס אשראי ויקטורי,2020/02/04,06:00:00,2020/05/30,23:59:00,1,10.36,13.28
284,72906,,8423207207362,,5%למשלמים בכרטיס אשראי ויקטורי,2020/02/04,06:00:00,2020/05/30,23:59:00,1,10.36,8.63
285,72906,,8423207208680,,5%למשלמים בכרטיס אשראי ויקטורי,2020/02/04,06:00:00,2020/05/30,23:59:00,1,10.36,13.28
286,72906,,8423207208697,,5%למשלמים בכרטיס אשראי ויקטורי,2020/02/04,06:00:00,2020/05/30,23:59:00,1,10.36,13.28
287,72906,,8423207209885,,5%למשלמים בכרטיס אשראי ויקטורי,2020/02/04,06:00:00,2020/05/30,23:59:00,1,10.36,8.63
288,72906,,8423207210287,,5%למשלמים בכרטיס אשראי ויקטורי,2020/02/04,06:00:00,2020/05/30,23:59:00,1,10.36,8.63
289,72906,,884912012791,,5%למשלמים בכרטיס אשראי ויקטורי,2020/02/04,06:00:00,2020/05/30,23:59:00,1,20.90,5.09
290,72906,,884912014245,,5%למשלמים בכרטיס אשראי ויקטורי,2020/02/04,06:00:00,2020/05/30,23:59:00,1,20.90,5.09
291,72906,,884912014252,,5%למשלמים בכרטיס אשראי ויקטורי,2020/02/04,06:00:00,2020/05/30,23:59:00,1,20.90,5.09
292,72906,,884912102102,,5%למשלמים בכרטיס אשראי ויקטורי,2020/02/04,06:00:00,2020/05/30,23:59:00,1,24.61,6.44
293,72906,,884912112217,,5%למשלמים בכרטיס אשראי ויקטורי,2020/02/04,06:00:00,2020/05/30,23:59:00,1,20.90,5.68
294,72906,,884912259363,,5%למשלמים בכרטיס אשראי ויקטורי,2020/02/04,06:00:00,2020/05/30,23:59:00,1,20.90,5.09
295,72906,,884912288745,,5%למשלמים בכרטיס אשראי ויקטורי,2020/02/04,06:00:00,2020/05/30,23:59:00,1,19,4.47
296,72906,,884912299314,,5%למשלמים בכרטיס אשראי ויקטורי,2020/02/04,06:00:00,2020/05/30,23:59:00,1,21.76,7
297,72906,,884912301642,,5%למשלמים בכרטיס אשראי ויקטורי,2020/02/04,06:00:00,2020/05/30,23:59:00,1,21.76,7
298,72906,,884912333773,,5%למשלמים בכרטיס אשראי ויקטורי,2020/02/04,06:00:00,2020/05/30,23:59:00,1,20.90,5.47
299,72906,,10106,,5%למשלמים בכרטיס אשראי ויקטורי,2020/02/04,06:00:00,2020/05/30,23:59:00,1,47.41,0
300,72906,,18218,,5%למשלמים בכרטיס אשראי ויקטורי,2020/02/04,06:00:00,2020/05/30,23:59:00,1,75.91,0
301,72906,,2105367,,5%למשלמים בכרטיס אשראי ויקטורי,2020/02/04,06:00:00,2020/05/30,23:59:00,1,94.05,94.05
302,72906,,2129226,,5%למשלמים בכרטיס אשראי ויקטורי,2020/02/04,06:00:00,2020/05/30,23:59:00,1,85.41,0
303,72906,,2129905,,5%למשלמים בכרטיס אשראי ויקטורי,2020/02/04,06:00:00,2020/05/30,23:59:00,1,47.41,47.41
304,72906,,2129929,,5%למשלמים בכרטיס אשראי ויקטורי,2020/02/04,06:00:00,2020/05/30,23:59:00,1,47.41,47.41
305,72906,,2129936,,5%למשלמים בכרטיס אשראי ויקטורי,2020/02/04,06:00:00,2020/05/30,23:59:00,1,66.41,66.41
306,72906,,2129943,,5%למשלמים בכרטיס אשראי ויקטורי,2020/02/04,06:00:00,2020/05/30,23:59:00,1,56.91,0
307,72906,,2129967,,5%למשלמים בכרטיס אשראי ויקטורי,2020/02/04,06:00:00,2020/05/30,23:59:00,1,52.16,52.16
308,72906,,2129974,,5%למשלמים בכרטיס אשראי ויקטורי,2020/02/04,06:00:00,2020/05/30,23:59:00,1,47.41,47.41
309,72906,,2129981,,5%למשלמים בכרטיס אשראי ויקטורי,2020/02/04,06:00:00,2020/05/30,23:59:00,1,37.91,37.91
310,72906,,2336594,,5%למשלמים בכרטיס אשראי ויקטורי,2020/02/04,06:00:00,2020/05/30,23:59:00,1,37.91,37.91
311,72906,,2439950,,5%למשלמים בכרטיס אשראי ויקטורי,2020/02/04,06:00:00,2020/05/30,23:59:00,1,56.91,0
312,72906,,2447573,,5%למשלמים בכרטיס אשראי ויקטורי,2020/02/04,06:00:00,2020/05/30,23:59:00,1,75.91,0
313,72906,,2519409,,5%למשלמים בכרטיס אשראי ויקטורי,2020/02/04,06:00:00,2020/05/30,23:59:00,1,75.91,0
314,72906,,2519461,,5%למשלמים בכרטיס אשראי ויקטורי,2020/02/04,06:00:00,2020/05/30,23:59:00,1,47.41,47.41
315,72906,,2519768,,5%למשלמים בכרטיס אשראי ויקטורי,2020/02/04,06:00:00,2020/05/30,23:59:00,1,23.66,23.66
316,72906,,2583,,5%למשלמים בכרטיס אשראי ויקטורי,2020/02/04,06:00:00,2020/05/30,23:59:00,1,75.91,0
317,72906,,269870,,5%למשלמים בכרטיס אשראי ויקטורי,2020/02/04,06:00:00,2020/05/30,23:59:00,1,75.91,0
318,72906,,2757177,,5%למשלמים בכרטיס אשראי ויקטורי,2020/02/04,06:00:00,2020/05/30,23:59:00,1,94.05,0
319,72906,,350,,5%למשלמים בכרטיס אשראי ויקטורי,2020/02/04,06:00:00,2020/05/30,23:59:00,1,33.16,0
320,72906,,365510,,5%למשלמים בכרטיס אשראי ויקטורי,2020/02/04,06:00:00,2020/05/30,23:59:00,1,85.41,0
321,72906,,4226350,,5%למשלמים בכרטיס אשראי ויקטורי,2020/02/04,06:00:00,2020/05/30,23:59:00,1,37.91,37.91
322,72906,,45979,,5%למשלמים בכרטיס אשראי ויקטורי,2020/02/04,06:00:00,2020/05/30,23:59:00,1,47.41,47.41
323,72906,,71718,,5%למשלמים בכרטיס אשראי ויקטורי,2020/02/04,06:00:00,2020/05/30,23:59:00,1,47.41,47.41
324,72906,,7892,,5%למשלמים בכרטיס אשראי ויקטורי,2020/02/04,06:00:00,2020/05/30,23:59:00,1,37.91,0
325,72906,,81816,,5%למשלמים בכרטיס אשראי ויקטורי,2020/02/04,06:00:00,2020/05/30,23:59:00,1,47.41,47.41
326,72906,,9008470,,5%למשלמים בכרטיס אשראי ויקטורי,2020/02/04,06:00:00,2020/05/30,23:59:00,1,37.91,3791
327,72906,,9391,,5%למשלמים בכרטיס אשראי ויקטורי,2020/02/04,06:00:00,2020/05/30,23:59:00,1,47.41,47.41
328,72906,,2001,,5%למשלמים בכרטיס אשראי ויקטורי,2020/02/04,06:00:00,2020/05/30,23:59:00,1,5.61,0
329,72906,,2002,,5%למשלמים בכרטיס אשראי ויקטורי,2020/02/04,06:00:00,2020/05/30,23:59:00,1,5.61,0
330,72906,,2003,,5%למשלמים בכרטיס אשראי ויקטורי,2020/02/04,06:00:00,2020/05/30,23:59:00,1,15.11,0
331,72906,,2004,,5%למשלמים בכרטיס אשראי ויקטורי,2020/02/04,06:00:00,2020/05/30,23:59:00,1,5.61,0
332,72906,,2006,,5%למשלמים בכרטיס אשראי ויקטורי,2020/02/04,06:00:00,2020/05/30,23:59:00,1,6.56,0
333,72906,,2007,,5%למשלמים בכרטיס אשראי ויקטורי,2020/02/04,06:00:00,2020/05/30,23:59:00,1,8.46,0
334,72906,,2009,,5%למשלמים בכרטיס אשראי ויקטורי,2020/02/04,06:00:00,2020/05/30,23:59:00,1,6.56,0
335,72906,,2010,,5%למשלמים בכרטיס אשראי ויקטורי,2020/02/04,06:00:00,2020/05/30,23:59:00,1,3.71,0
336,72906,,2012,,5%למשלמים בכרטיס אשראי ויקטורי,2020/02/04,06:00:00,2020/05/30,23:59:00,1,37.91,0
337,72906,,2014,,5%למשלמים בכרטיס אשראי ויקטורי,2020/02/04,06:00:00,2020/05/30,23:59:00,1,4.66,0
338,72906,,2015,,5%למשלמים בכרטיס אשראי ויקטורי,2020/02/04,06:00:00,2020/05/30,23:59:00,1,12.26,0
339,72906,,2016,,5%למשלמים בכרטיס אשראי ויקטורי,2020/02/04,06:00:00,2020/05/30,23:59:00,1,9.41,0
340,72906,,2017,,5%למשלמים בכרטיס אשראי ויקטורי,2020/02/04,06:00:00,2020/05/30,23:59:00,1,9.41,0
341,72906,,2019,,5%למשלמים בכרטיס אשראי ויקטורי,2020/02/04,06:00:00,2020/05/30,23:59:00,1,5.61,0
342,72906,,2020,,5%למשלמים בכרטיס אשראי ויקטורי,2020/02/04,06:00:00,2020/05/30,23:59:00,1,4.66,0
343,72906,,2021,,5%למשלמים בכרטיס אשראי ויקטורי,2020/02/04,06:00:00,2020/05/30,23:59:00,1,6.56,0
344,72906,,2023,,5%למשלמים בכרטיס אשראי ויקטורי,2020/02/04,06:00:00,2020/05/30,23:59:00,1,9.41,0
345,72906,,2024,,5%למשלמים בכרטיס אשראי ויקטורי,2020/02/04,06:00:00,2020/05/30,23:59:00,1,3.71,0
346,72906,,2025,,5%למשלמים בכרטיס אשראי ויקטורי,2020/02/04,06:00:00,2020/05/30,23:59:00,1,9.41,0
347,72906,,2027,,5%למשלמים בכרטיס אשראי ויקטורי,2020/02/04,06:00:00,2020/05/30,23:59:00,1,9.41,0
348,72906,,2028,,5%למשלמים בכרטיס אשראי ויקטורי,2020/02/04,06:00:00,2020/05/30,23:59:00,1,5.61,0
349,72906,,2029,,5%למשלמים בכרטיס אשראי ויקטורי,2020/02/04,06:00:00,2020/05/30,23:59:00,1,8.46,0
350,72906,,2033,,5%למשלמים בכרטיס אשראי ויקטורי,2020/02/04,06:00:00,2020/05/30,23:59:00,1,9.41,0
351,72906,,2034,,5%למשלמים בכרטיס אשראי ויקטורי,2020/02/04,06:00:00,2020/05/30,23:59:00,1,9.41,0
352,72906,,2035,,5%למשלמים בכרטיס אשראי ויקטורי,2020/02/04,06:00:00,2020/05/30,23:59:00,1,5.61,0
353,72906,,2036,,5%למשלמים בכרטיס אשראי ויקטורי,2020/02/04,06:00:00,2020/05/30,23:59:00,1,4.66,0
354,72906,,2038,,5%למשלמים בכרטיס אשראי ויקטורי,2020/02/04,06:00:00,2020/05/30,23:59:00,1,9.41,0
355,72906,,2039,,5%למשלמים בכרטיס אשראי ויקטורי,2020/02/04,06:00:00,2020/05/30,23:59:00,1,9.41,0
356,72906,,2040,,5%למשלמים בכרטיס אשראי ויקטורי,2020/02/04,06:00:00,2020/05/30,23:59:00,1,9.41,0
357,72906,,2041,,5%למשלמים בכרטיס אשראי ויקטורי,2020/02/04,06:00:00,2020/05/30,23:59:00,1,9.41,0
358,72906,,2043,,5%למשלמים בכרטיס אשראי ויקטורי,2020/02/04,06:00:00,2020/05/30,23:59:00,1,5.61,0
359,72906,,2046,,5%למשלמים בכרטיס אשראי ויקטורי,2020/02/04,06:00:00,2020/05/30,23:59:00,1,6.56,0
360,72906,,2047,,5%למשלמים בכרטיס אשראי ויקטורי,2020/02/04,06:00:00,2020/05/30,23:59:00,1,6.56,0
361,72906,,2048,,5%למשלמים בכרטיס אשראי ויקטורי,2020/02/04,06:00:00,2020/05/30,23:59:00,1,7.51,0
362,72906,,2049,,5%למשלמים בכרטיס אשראי ויקטורי,2020/02/04,06:00:00,2020/05/30,23:59:00,1,12.26,0
363,72906,,2050,,5%למשלמים בכרטיס אשראי ויקטורי,2020/02/04,06:00:00,2020/05/30,23:59:00,1,7.51,0
364,72906,,2051,,5%למשלמים בכרטיס אשראי ויקטורי,2020/02/04,06:00:00,2020/05/30,23:59:00,1,5.61,0
365,72906,,2053,,5%למשלמים בכרטיס אשראי ויקטורי,2020/02/04,06:00:00,2020/05/30,23:59:00,1,9.50,0
366,72906,,2054,,5%למשלמים בכרטיס אשראי ויקטורי,2020/02/04,06:00:00,2020/05/30,23:59:00,1,7.51,0
367,72906,,2058,,5%למשלמים בכרטיס אשראי ויקטורי,2020/02/04,06:00:00,2020/05/30,23:59:00,1,3.71,0
368,72906,,2059,,5%למשלמים בכרטיס אשראי ויקטורי,2020/02/04,06:00:00,2020/05/30,23:59:00,1,5.61,0
369,72906,,2060,,5%למשלמים בכרטיס אשראי ויקטורי,2020/02/04,06:00:00,2020/05/30,23:59:00,1,8.46,0
370,72906,,2061,,5%למשלמים בכרטיס אשראי ויקטורי,2020/02/04,06:00:00,2020/05/30,23:59:00,1,8.46,0
371,72906,,2063,,5%למשלמים בכרטיס אשראי ויקטורי,2020/02/04,06:00:00,2020/05/30,23:59:00,1,12.26,0
372,72906,,2064,,5%למשלמים בכרטיס אשראי ויקטורי,2020/02/04,06:00:00,2020/05/30,23:59:00,1,5.61,0
373,72906,,2066,,5%למשלמים בכרטיס אשראי ויקטורי,2020/02/04,06:00:00,2020/05/30,23:59:00,1,9.41,0
374,72906,,2067,,5%למשלמים בכרטיס אשראי ויקטורי,2020/02/04,06:00:00,2020/05/30,23:59:00,1,9.41,0
375,72906,,2072,,5%למשלמים בכרטיס אשראי ויקטורי,2020/02/04,06:00:00,2020/05/30,23:59:00,1,5.61,0
376,72906,,2074,,5%למשלמים בכרטיס אשראי ויקטורי,2020/02/04,06:00:00,2020/05/30,23:59:00,1,9.41,0
377,72906,,2080,,5%למשלמים בכרטיס אשראי ויקטורי,2020/02/04,06:00:00,2020/05/30,23:59:00,1,15.11,0
378,72906,,2082,,5%למשלמים בכרטיס אשראי ויקטורי,2020/02/04,06:00:00,2020/05/30,23:59:00,1,14.16,0
379,72906,,2086,,5%למשלמים בכרטיס אשראי ויקטורי,2020/02/04,06:00:00,2020/05/30,23:59:00,1,18.91,0
380,72906,,2090,,5%למשלמים בכרטיס אשראי ויקטורי,2020/02/04,06:00:00,2020/05/30,23:59:00,1,12.26,0
381,72906,,2091,,5%למשלמים בכרטיס אשראי ויקטורי,2020/02/04,06:00:00,2020/05/30,23:59:00,1,15.11,0
382,72906,,2095,,5%למשלמים בכרטיס אשראי ויקטורי,2020/02/04,06:00:00,2020/05/30,23:59:00,1,28.41,0
383,72906,,2098,,5%למשלמים בכרטיס אשראי ויקטורי,2020/02/04,06:00:00,2020/05/30,23:59:00,1,28.41,0
384,72906,,2113,,5%למשלמים בכרטיס אשראי ויקטורי,2020/02/04,06:00:00,2020/05/30,23:59:00,1,9.41,0
385,72906,,2115,,5%למשלמים בכרטיס אשראי ויקטורי,2020/02/04,06:00:00,2020/05/30,23:59:00,1,28.41,0
386,72906,,2120,,5%למשלמים בכרטיס אשראי ויקטורי,2020/02/04,06:00:00,2020/05/30,23:59:00,1,4.66,0
387,72906,,2132,,5%למשלמים בכרטיס אשראי ויקטורי,2020/02/04,06:00:00,2020/05/30,23:59:00,1,9.41,0
388,72906,,2134,,5%למשלמים בכרטיס אשראי ויקטורי,2020/02/04,06:00:00,2020/05/30,23:59:00,1,14.16,0
389,72906,,2158,,5%למשלמים בכרטיס אשראי ויקטורי,2020/02/04,06:00:00,2020/05/30,23:59:00,1,4.66,0
390,72906,,2165,,5%למשלמים בכרטיס אשראי ויקטורי,2020/02/04,06:00:00,2020/05/30,23:59:00,1,37.91,0
391,72906,,2168,,5%למשלמים בכרטיס אשראי ויקטורי,2020/02/04,06:00:00,2020/05/30,23:59:00,1,8.55,0
392,72906,,2173,,5%למשלמים בכרטיס אשראי ויקטורי,2020/02/04,06:00:00,2020/05/30,23:59:00,1,8.46,0
393,72906,,2174,,5%למשלמים בכרטיס אשראי ויקטורי,2020/02/04,06:00:00,2020/05/30,23:59:00,1,18.91,0
394,72906,,2177,,5%למשלמים בכרטיס אשראי ויקטורי,2020/02/04,06:00:00,2020/05/30,23:59:00,1,28.41,0
395,72906,,2186,,5%למשלמים בכרטיס אשראי ויקטורי,2020/02/04,06:00:00,2020/05/30,23:59:00,1,12.26,0
396,72906,,4050328191948,,5%למשלמים בכרטיס אשראי ויקטורי,2020/02/04,06:00:00,2020/05/30,23:59:00,1,9.50,0
397,72906,,693493002516,,5%למשלמים בכרטיס אשראי ויקטורי,2020/02/04,06:00:00,2020/05/30,23:59:00,1,9.50,0
398,72906,,7290000000374,,5%למשלמים בכרטיס אשראי ויקטורי,2020/02/04,06:00:00,2020/05/30,23:59:00,1,9.41,0
399,72906,,7290000995410,,5%למשלמים בכרטיס אשראי ויקטורי,2020/02/04,06:00:00,2020/05/30,23:59:00,1,7.51,0
400,72906,,7290005610509,,5%למשלמים בכרטיס אשראי ויקטורי,2020/02/04,06:00:00,2020/05/30,23:59:00,1,6.56,0
401,72906,,7290006265524,,5%למשלמים בכרטיס אשראי ויקטורי,2020/02/04,06:00:00,2020/05/30,23:59:00,1,28.41,0
402,72906,,7290006704061,,5%למשלמים בכרטיס אשראי ויקטורי,2020/02/04,06:00:00,2020/05/30,23:59:00,1,4.66,0
403,72906,,7290008268004,,5%למשלמים בכרטיס אשראי ויקטורי,2020/02/04,06:00:00,2020/05/30,23:59:00,1,28.41,0
404,72906,,7290008644235,,5%למשלמים בכרטיס אשראי ויקטורי,2020/02/04,06:00:00,2020/05/30,23:59:00,1,9.41,7.84
405,72906,,7290010051021,,5%למשלמים בכרטיס אשראי ויקטורי,2020/02/04,06:00:00,2020/05/30,23:59:00,1,4.66,0
406,72906,,7290010051038,,5%למשלמים בכרטיס אשראי ויקטורי,2020/02/04,06:00:00,2020/05/30,23:59:00,1,23.66,0
407,72906,,7290010051052,,5%למשלמים בכרטיס אשראי ויקטורי,2020/02/04,06:00:00,2020/05/30,23:59:00,1,3.71,0
408,72906,,7290010051076,,5%למשלמים בכרטיס אשראי ויקטורי,2020/02/04,06:00:00,2020/05/30,23:59:00,1,9.41,0
409,72906,,7290010051090,,5%למשלמים בכרטיס אשראי ויקטורי,2020/02/04,06:00:00,2020/05/30,23:59:00,1,3.80,0
410,72906,,7290010051113,,5%למשלמים בכרטיס אשראי ויקטורי,2020/02/04,06:00:00,2020/05/30,23:59:00,1,4.66,0
411,72906,,7290010051120,,5%למשלמים בכרטיס אשראי ויקטורי,2020/02/04,06:00:00,2020/05/30,23:59:00,1,4.66,0
412,72906,,7290010051144,,5%למשלמים בכרטיס אשראי ויקטורי,2020/02/04,06:00:00,2020/05/30,23:59:00,1,8.46,4.70
413,72906,,7290010051182,,5%למשלמים בכרטיס אשראי ויקטורי,2020/02/04,06:00:00,2020/05/30,23:59:00,1,3.71,0
414,72906,,7290010051199,,5%למשלמים בכרטיס אשראי ויקטורי,2020/02/04,06:00:00,2020/05/30,23:59:00,1,4.66,0
415,72906,,7290010051205,,5%למשלמים בכרטיס אשראי ויקטורי,2020/02/04,06:00:00,2020/05/30,23:59:00,1,4.66,0
416,72906,,7290010051212,,5%למשלמים בכרטיס אשראי ויקטורי,2020/02/04,06:00:00,2020/05/30,23:59:00,1,4.66,1.55
417,72906,,7290010051267,,5%למשלמים בכרטיס אשראי ויקטורי,2020/02/04,06:00:00,2020/05/30,23:59:00,1,9.41,0
418,72906,,7290010051298,,5%למשלמים בכרטיס אשראי ויקטורי,2020/02/04,06:00:00,2020/05/30,23:59:00,1,4.66,0
419,72906,,7290010051311,,5%למשלמים בכרטיס אשראי ויקטורי,2020/02/04,06:00:00,2020/05/30,23:59:00,1,5.61,0
420,72906,,7290010051335,,5%למשלמים בכרטיס אשראי ויקטורי,2020/02/04,06:00:00,2020/05/30,23:59:00,1,5.70,0
421,72906,,7290010051373,,5%למשלמים בכרטיס אשראי ויקטורי,2020/02/04,06:00:00,2020/05/30,23:59:00,1,9.41,0
422,72906,,7290010051724,,5%למשלמים בכרטיס אשראי ויקטורי,2020/02/04,06:00:00,2020/05/30,23:59:00,1,8.46,0
423,72906,,7290011108014,,5%למשלמים בכרטיס אשראי ויקטורי,2020/02/04,06:00:00,2020/05/30,23:59:00,1,4.66,0
424,72906,,7290011108021,,5%למשלמים בכרטיס אשראי ויקטורי,2020/02/04,06:00:00,2020/05/30,23:59:00,1,4.66,0
425,72906,,7290011108069,,5%למשלמים בכרטיס אשראי ויקטורי,2020/02/04,06:00:00,2020/05/30,23:59:00,1,10.45,0
426,72906,,7290011725006,,5%למשלמים בכרטיס אשראי ויקטורי,2020/02/04,06:00:00,2020/05/30,23:59:00,1,4.66,0
427,72906,,7290011725013,,5%למשלמים בכרטיס אשראי ויקטורי,2020/02/04,06:00:00,2020/05/30,23:59:00,1,4.66,0
428,72906,,7290011725037,,5%למשלמים בכרטיס אשראי ויקטורי,2020/02/04,06:00:00,2020/05/30,23:59:00,1,4.66,0
429,72906,,7290011725044,,5%למשלמים בכרטיס אשראי ויקטורי,2020/02/04,06:00:00,2020/05/30,23:59:00,1,5.61,0
430,72906,,7290011725075,,5%למשלמים בכרטיס אשראי ויקטורי,2020/02/04,06:00:00,2020/05/30,23:59:00,1,12.26,0
431,72906,,7290012864001,,5%למשלמים בכרטיס אשראי ויקטורי,2020/02/04,06:00:00,2020/05/30,23:59:00,1,9.41,0
432,72906,,7290012864025,,5%למשלמים בכרטיס אשראי ויקטורי,2020/02/04,06:00:00,2020/05/30,23:59:00,1,7.51,0
433,72906,,7290012864032,,5%למשלמים בכרטיס אשראי ויקטורי,2020/02/04,06:00:00,2020/05/30,23:59:00,1,8.55,0
434,72906,,7290012864131,,5%למשלמים בכרטיס אשראי ויקטורי,2020/02/04,06:00:00,2020/05/30,23:59:00,1,9.41,0
435,72906,,7290013215017,,5%למשלמים בכרטיס אשראי ויקטורי,2020/02/04,06:00:00,2020/05/30,23:59:00,1,14.25,0
436,72906,,7290013492005,,5%למשלמים בכרטיס אשראי ויקטורי,2020/02/04,06:00:00,2020/05/30,23:59:00,1,7.51,0
437,72906,,7290015855013,,5%למשלמים בכרטיס אשראי ויקטורי,2020/02/04,06:00:00,2020/05/30,23:59:00,1,8.46,0
438,72906,,7290015855037,,5%למשלמים בכרטיס אשראי ויקטורי,2020/02/04,06:00:00,2020/05/30,23:59:00,1,7.51,0
439,72906,,7290015855112,,5%למשלמים בכרטיס אשראי ויקטורי,2020/02/04,06:00:00,2020/05/30,23:59:00,1,7.51,0
440,72906,,7290015855143,,5%למשלמים בכרטיס אשראי ויקטורי,2020/02/04,06:00:00,2020/05/30,23:59:00,1,13.21,7.77
441,72906,,7290015855181,,5%למשלמים בכרטיס אשראי ויקטורי,2020/02/04,06:00:00,2020/05/30,23:59:00,1,10.36,0
442,72906,,7290015855297,,5%למשלמים בכרטיס אשראי ויקטורי,2020/02/04,06:00:00,2020/05/30,23:59:00,1,11.31,0
443,72906,,7290015855341,,5%למשלמים בכרטיס אשראי ויקטורי,2020/02/04,06:00:00,2020/05/30,23:59:00,1,14.16,0
444,72906,,7290015855358,,5%למשלמים בכרטיס אשראי ויקטורי,2020/02/04,06:00:00,2020/05/30,23:59:00,1,13.21,0
445,72906,,7290015855365,,5%למשלמים בכרטיס אשראי ויקטורי,2020/02/04,06:00:00,2020/05/30,23:59:00,1,14.16,0
446,72906,,7290015859004,,5%למשלמים בכרטיס אשראי ויקטורי,2020/02/04,06:00:00,2020/05/30,23:59:00,1,4.66,0
447,72906,,7290015859028,,5%למשלמים בכרטיס אשראי ויקטורי,2020/02/04,06:00:00,2020/05/30,23:59:00,1,9.41,0
448,72906,,7290015859042,,5%למשלמים בכרטיס אשראי ויקטורי,2020/02/04,06:00:00,2020/05/30,23:59:00,1,9.41,0
449,72906,,7290015859066,,5%למשלמים בכרטיס אשראי ויקטורי,2020/02/04,06:00:00,2020/05/30,23:59:00,1,4.66,0
450,72906,,7290015859073,,5%למשלמים בכרטיס אשראי ויקטורי,2020/02/04,06:00:00,2020/05/30,23:59:00,1,4.66,0
451,72906,,7290015859080,,5%למשלמים בכרטיס אשראי ויקטורי,2020/02/04,06:00:00,2020/05/30,23:59:00,1,4.66,0
452,72906,,7290015859103,,5%למשלמים בכרטיס אשראי ויקטורי,2020/02/04,06:00:00,2020/05/30,23:59:00,1,4.66,0
453,72906,,7290015859202,,5%למשלמים בכרטיס אשראי ויקטורי,2020/02/04,06:00:00,2020/05/30,23:59:00,1,4.66,0
454,72906,,7290015859233,,5%למשלמים בכרטיס אשראי ויקטורי,2020/02/04,06:00:00,2020/05/30,23:59:00,1,11.31,0
455,72906,,7290015859288,,5%למשלמים בכרטיס אשראי ויקטורי,2020/02/04,06:00:00,2020/05/30,23:59:00,1,9.41,0
456,72906,,7290015859509,,5%למשלמים בכרטיס אשראי ויקטורי,2020/02/04,06:00:00,2020/05/30,23:59:00,1,11.31,0
457,72906,,7290017918020,,5%למשלמים בכרטיס אשראי ויקטורי,2020/02/04,06:00:00,2020/05/30,23:59:00,1,12.26,0
458,72906,,7290017918037,,5%למשלמים בכרטיס אשראי ויקטורי,2020/02/04,06:00:00,2020/05/30,23:59:00,1,9.50,0
459,72906,,7290103408206,,5%למשלמים בכרטיס אשראי ויקטורי,2020/02/04,06:00:00,2020/05/30,23:59:00,1,9.41,3.76
460,72906,,7290104065934,,5%למשלמים בכרטיס אשראי ויקטורי,2020/02/04,06:00:00,2020/05/30,23:59:00,1,9.41,6.27
461,72906,,7290105368294,,5%למשלמים בכרטיס אשראי ויקטורי,2020/02/04,06:00:00,2020/05/30,23:59:00,1,12.26,10.22
462,72906,,7290106723689,,5%למשלמים בכרטיס אשראי ויקטורי,2020/02/04,06:00:00,2020/05/30,23:59:00,1,10.36,5.18
463,72906,,7290107933155,,5%למשלמים בכרטיס אשראי ויקטורי,2020/02/04,06:00:00,2020/05/30,23:59:00,1,12.26,6.13
464,72906,,8718879000336,,5%למשלמים בכרטיס אשראי ויקטורי,2020/02/04,06:00:00,2020/05/30,23:59:00,1,9.50,0
465,72906,,986708,,5%למשלמים בכרטיס אשראי ויקטורי,2020/02/04,06:00:00,2020/05/30,23:59:00,1,12.26,0
466,72906,,7290000201849,,29.90טיטולים פרימיום,2020/04/27,06:00:00,2020/05/30,23:59:00,1,29.90,0
467,72906,,7290000201856,,29.90טיטולים פרימיום,2020/04/27,06:00:00,2020/05/30,23:59:00,1,29.90,0
468,72906,,7290000201863,,29.90טיטולים פרימיום,2020/04/27,06:00:00,2020/05/30,23:59:00,1,29.90,0
469,72906,,7290000201870,,29.90טיטולים פרימיום,2020/04/27,06:00:00,2020/05/30,23:59:00,1,29.90,0
470,72906,,9310072028743,,15.90טים טם אורגינל/דאבל 200 גר',2020/05/03,06:00:00,2020/05/30,23:59:00,1,15.90,7.95
471,72906,,9310072028750,,15.90טים טם אורגינל/דאבל 200 גר',2020/05/03,06:00:00,2020/05/30,23:59:00,1,15.90,7.95
472,72906,,8001090850713,,14.90לנור כדוריות בושם 140 גר',2020/05/03,06:00:00,2020/05/30,23:59:00,1,14.90,10.64
473,72906,,8001090336408,,3ב85חיתולי פמפרס בייבי דריי 2-6,2020/05/03,06:00:00,2020/05/30,23:59:00,3,85,0
474,72906,,8001090336521,,3ב85חיתולי פמפרס בייבי דריי 2-6,2020/05/03,06:00:00,2020/05/30,23:59:00,3,85,0
475,72906,,8001090379399,,2ב60חיתולי פמפרס פרימיום VP,2020/05/03,06:00:00,2020/05/30,23:59:00,2,60,0
476,72906,,8001090810083,,2ב28פנטן שמפו/מרכך,2020/05/03,06:00:00,2020/05/30,23:59:00,2,28,2.80
477,72906,,8001090810120,,2ב28פנטן שמפו/מרכך,2020/05/03,06:00:00,2020/05/30,23:59:00,2,28,2.80
478,72906,,8001090810205,,2ב28פנטן שמפו/מרכך,2020/05/03,06:00:00,2020/05/30,23:59:00,2,28,2.80
479,72906,,8001090810281,,2ב28פנטן שמפו/מרכך,2020/05/03,06:00:00,2020/05/30,23:59:00,2,28,2.80
480,72906,,8001090810403,,2ב28פנטן שמפו/מרכך,2020/05/03,06:00:00,2020/05/30,23:59:00,2,28,2.80
481,72906,,8001090988362,,2ב28פנטן שמפו/מרכך,2020/05/03,06:00:00,2020/05/30,23:59:00,2,28,2.80
482,72906,,8001090988843,,2ב28פנטן שמפו/מרכך,2020/05/03,06:00:00,2020/05/30,23:59:00,2,28,2.80
483,72906,,8001090988881,,2ב28פנטן שמפו/מרכך,2020/05/03,06:00:00,2020/05/30,23:59:00,2,28,2.80
484,72906,,8001090721150,,37.90אריאל קפסולות לכביסה 40 יח',2020/05/03,06:00:00,2020/05/30,23:59:00,1,37.90,0
485,72906,,7290002692393,,"9.90שמן חמניות 1 ליטר מועשר ויטמין E ""עץ הזית""",2020/05/03,06:00:00,2020/05/30,23:59:00,1,9.90,9.90
486,72906,,7290002692409,,"9.90שמן חמניות 1 ליטר מועשר ויטמין E ""עץ הזית""",2020/05/03,06:00:00,2020/05/30,23:59:00,1,9.90,9.90
487,72906,,7290000178721,,8.90תפוצ'יפס 200 גר',2020/05/03,06:00:00,2020/05/30,23:59:00,1,8.90,4.45
488,72906,,7290008747547,,8.90תפוצ'יפס 200 גר',2020/05/03,06:00:00,2020/05/30,23:59:00,1,8.90,4.45
489,72906,,7290102030330,,8.90תפוצ'יפס 200 גר',2020/05/03,06:00:00,2020/05/30,23:59:00,1,8.90,4.45
490,72906,,7290104722530,,8.90תפוצ'יפס 200 גר',2020/05/03,06:00:00,2020/05/30,23:59:00,1,8.90,4.45
491,72906,,7290106657137,,8.90תפוצ'יפס 200 גר',2020/05/03,06:00:00,2020/05/30,23:59:00,1,8.90,4.45
492,72906,,7290112342195,,8.90תפוצ'יפס 200 גר',2020/05/03,06:00:00,2020/05/30,23:59:00,1,8.90,4.45
493,72906,,7290005084355,,"14.90סנסודיין משחת שיניים 75 מ""ל בסיס",2020/05/03,06:00:00,2020/05/30,23:59:00,1,14.90,19.87
494,72906,,7290012938580,,"14.90סנסודיין משחת שיניים 75 מ""ל בסיס",2020/05/03,06:00:00,2020/05/30,23:59:00,1,14.90,19.87
495,72906,,7290012938740,,"14.90סנסודיין משחת שיניים 75 מ""ל בסיס",2020/05/03,06:00:00,2020/05/30,23:59:00,1,14.90,19.87
496,72906,,5099873006504,,"109.90ויסקי ג'ק דניאלס 700 מ""ל",2020/05/03,06:00:00,2020/05/30,23:59:00,1,109.90,15.66
497,72906,,7290105500236,,"109.90ויסקי ג'ק דניאלס 700 מ""ל",2020/05/03,06:00:00,2020/05/30,23:59:00,1,109.90,15.66
498,72906,,7290105500953,,"109.90ויסקי ג'ק דניאלס 700 מ""ל",2020/05/03,06:00:00,2020/05/30,23:59:00,1,109.90,15.66
499,72906,,7290105500151,,"59.90וודקה פינלנדיה 700 מ""ל",2020/05/03,06:00:00,2020/05/30,23:59:00,1,59.90,8.51
500,72906,,7290008801478,,"יינות 750 מ""ל יקבי כרמל-ישן נושן/הנצחון/טופז זהב",2020/05/03,06:00:00,2020/05/30,23:59:00,1,19.90,2.61
501,72906,,7290016717754,,"יינות 750 מ""ל יקבי כרמל-ישן נושן/הנצחון/טופז זהב",2020/05/03,06:00:00,2020/05/30,23:59:00,1,19.90,2.61
502,72906,,7290004658618,,"17.90מיץ ענבים תירוש אדום/לבן 750 מ""ל יקבי כרמל",2020/05/03,06:00:00,2020/05/30,23:59:00,1,17.90,17.60
503,72906,,7290000195537,,17.90האגיס מגבונים רביעייה,2020/05/03,06:00:00,2020/05/30,23:59:00,1,17.90,0
504,72906,,7290000195544,,17.90האגיס מגבונים רביעייה,2020/05/03,06:00:00,2020/05/30,23:59:00,1,17.90,0
505,72906,,4600659010854,,"59.90וודקה סטולי פרימיום 700 מ""ל",2020/05/03,06:00:00,2020/05/30,23:59:00,1,59.90,8.51
506,72906,,5410228267515,,"29.90בירה באדוויזר 330 מ""ל שישייה",2020/05/03,06:00:00,2020/05/30,23:59:00,1,29.90,1.42
507,72906,,8076809513388,,2ב20ברילה רטבים 400 גר',2020/05/03,06:00:00,2020/05/30,23:59:00,2,20,2.50
508,72906,,8076809513395,,2ב20ברילה רטבים 400 גר',2020/05/03,06:00:00,2020/05/30,23:59:00,2,20,2.50
509,72906,,8076809513654,,2ב20ברילה רטבים 400 גר',2020/05/03,06:00:00,2020/05/30,23:59:00,2,20,2.50
510,72906,,8076809513692,,2ב20ברילה רטבים 400 גר',2020/05/03,06:00:00,2020/05/30,23:59:00,2,20,2.50
511,72906,,8076809513739,,2ב20ברילה רטבים 400 גר',2020/05/03,06:00:00,2020/05/30,23:59:00,2,20,2.50
512,72906,,8076809523561,,2ב20ברילה רטבים 400 גר',2020/05/03,06:00:00,2020/05/30,23:59:00,2,20,2.50
513,72906,,7290112495433,,19.90דליפקאן 400 גר' תלמה,2020/05/03,06:00:00,2020/05/30,23:59:00,1,19.90,4.98
514,72906,,7290000449128,,19.90סיף ניקוי כללי 4 ליטר,2020/05/03,06:00:00,2020/05/30,23:59:00,1,19.90,0.50
515,72906,,7290006739414,,25.90נקניק/פסטרמה ארוז 300-330 גר' זוגלובק,2020/05/03,06:00:00,2020/05/30,23:59:00,1,25.90,7.40
516,72906,,7290006739421,,25.90נקניק/פסטרמה ארוז 300-330 גר' זוגלובק,2020/05/03,06:00:00,2020/05/30,23:59:00,1,25.90,8.63
517,72906,,7290006742278,,25.90נקניק/פסטרמה ארוז 300-330 גר' זוגלובק,2020/05/03,06:00:00,2020/05/30,23:59:00,1,25.90,7.85
518,72906,,7290006742315,,25.90נקניק/פסטרמה ארוז 300-330 גר' זוגלובק,2020/05/03,06:00:00,2020/05/30,23:59:00,1,25.90,7.85
519,72906,,7290006742339,,25.90נקניק/פסטרמה ארוז 300-330 גר' זוגלובק,2020/05/03,06:00:00,2020/05/30,23:59:00,1,25.90,7.85
520,72906,,7290003643684,,2ב12קטניות 500 גר' סוגת-חומוס/שעועית/כוסמת/אפונה,2020/05/03,06:00:00,2020/05/30,23:59:02,2,12,1.20
521,72906,,7290003643714,,2ב12קטניות 500 גר' סוגת-חומוס/שעועית/כוסמת/אפונה,2020/05/03,06:00:00,2020/05/30,23:59:02,2,12,1.20
522,72906,,7290003643752,,2ב12קטניות 500 גר' סוגת-חומוס/שעועית/כוסמת/אפונה,2020/05/03,06:00:00,2020/05/30,23:59:02,2,12,1.20
523,72906,,7290003643769,,2ב12קטניות 500 גר' סוגת-חומוס/שעועית/כוסמת/אפונה,2020/05/03,06:00:00,2020/05/30,23:59:02,2,12,1.20
524,72906,,7290003643813,,2ב12קטניות 500 גר' סוגת-חומוס/שעועית/כוסמת/אפונה,2020/05/03,06:00:00,2020/05/30,23:59:02,2,12,1.20
525,72906,,7290003643325,,3ב12קוסקוס 350 גר' סוגת,2020/05/03,06:00:00,2020/05/30,23:59:00,3,12,1.14
526,72906,,7290100702260,,3ב12קוסקוס 350 גר' סוגת,2020/05/03,06:00:00,2020/05/30,23:59:00,3,12,1.14
527,72906,,7290100702277,,3ב12קוסקוס 350 גר' סוגת,2020/05/03,06:00:00,2020/05/30,23:59:00,3,12,1.14
528,72906,,7290100702284,,3ב12קוסקוס 350 גר' סוגת,2020/05/03,06:00:00,2020/05/30,23:59:00,3,12,1.14
529,72906,,7290000137513,,39.90גלידונית 60 יח' קרמיסימו,2020/05/03,06:00:00,2020/05/30,23:59:00,1,39.90,5.70
530,72906,,7290008806985,,39.90גלידונית 60 יח' קרמיסימו,2020/05/03,06:00:00,2020/05/30,23:59:00,1,39.90,6.33
531,72906,,7290000288352,,19.90סנו K300,2020/05/03,06:00:00,2020/05/30,23:59:00,1,19.90,3.16
532,72906,,7290011598211,,16.90סנו אנטיקאלק מרסס 4 ב1,2020/05/03,06:00:00,2020/05/30,23:59:00,1,16.90,2.41
533,72906,,7290000288048,,16.90סנו ז'אוול מרסס 1 ליטר,2020/05/03,06:00:00,2020/05/30,23:59:00,1,16.90,16.90
534,72906,,7290000289069,,16.90סנו ז'אוול מרסס 1 ליטר,2020/05/03,06:00:00,2020/05/30,23:59:00,1,16.90,16.90
535,72906,,7290000412481,,6.90סנו 1 ליטר 00,2020/05/03,06:00:00,2020/05/30,23:59:00,1,6.90,6.90
536,72906,,7290000292687,,12.90סנובון אסלה כחול/ירוק שלישייה,2020/05/03,06:00:00,2020/05/30,23:59:00,1,12.90,7.82
537,72906,,7290005426971,,12.90סנובון אסלה כחול/ירוק שלישייה,2020/05/03,06:00:00,2020/05/30,23:59:00,1,12.90,7.82
538,72906,,7290005430602,,16.90סנו אוקסיג'ן מרסס,2020/05/03,06:00:00,2020/05/30,23:59:00,1,16.90,2.25
539,72906,,7290013268891,,26.90סנו אוקסיג'ן ג'ל 3 ליטר,2020/05/03,06:00:00,2020/05/30,23:59:00,1,26.90,8.97
540,72906,,7290107280563,,26.90סנו אוקסיג'ן ג'ל 3 ליטר,2020/05/03,06:00:00,2020/05/30,23:59:00,1,26.90,8.97
541,72906,,7290013268907,,26.90סנו מקסימה ג'ל 3 ליטר,2020/05/03,06:00:00,2020/05/30,23:59:00,1,26.90,8.97
542,72906,,7290013269263,,26.90סנו מקסימה ג'ל 3 ליטר,2020/05/03,06:00:00,2020/05/30,23:59:00,1,26.90,8.97
543,72906,,7290013269287,,26.90סנו מקסימה ג'ל 3 ליטר,2020/05/03,06:00:00,2020/05/30,23:59:00,1,26.90,0.01
544,72906,,7290107280570,,26.90סנו מקסימה ג'ל 3 ליטר,2020/05/03,06:00:00,2020/05/30,23:59:00,1,26.90,8.97
545,72906,,7290012117534,,16.90סנו מקסימה מרכך קומפקט 1 ליטר,2020/05/03,06:00:00,2020/05/30,23:59:00,1,16.90,1.69
546,72906,,7290012823381,,16.90סנו מקסימה מרכך קומפקט 1 ליטר,2020/05/03,06:00:00,2020/05/30,23:59:00,1,16.90,1.69
547,72906,,7290013268020,,16.90סנו מקסימה מרכך קומפקט 1 ליטר,2020/05/03,06:00:00,2020/05/30,23:59:00,1,16.90,1.69
548,72906,,7290013268990,,16.90סנו מקסימה מרכך קומפקט 1 ליטר,2020/05/03,06:00:00,2020/05/30,23:59:00,1,16.90,1.69
549,72906,,7290108350616,,16.90סנו מקסימה מרכך קומפקט 1 ליטר,2020/05/03,06:00:00,2020/05/30,23:59:00,1,16.90,1.69
550,72906,,7290108350623,,16.90סנו מקסימה מרכך קומפקט 1 ליטר,2020/05/03,06:00:00,2020/05/30,23:59:00,1,16.90,1.69
551,72906,,7290107280099,,14.90סנו סופט מגבוני טואלט לחים 48 יח' שלישייה,2020/05/03,06:00:00,2020/05/30,23:59:00,1,14.90,0
552,72906,,7290005839313,,4ב16מילקי טופ שטראוס,2020/05/03,06:00:00,2020/05/31,23:59:00,4,16,3.08
553,72906,,7290104066016,,4ב16מילקי טופ שטראוס,2020/05/03,06:00:00,2020/05/31,23:59:00,4,16,2.35
554,72906,,7290006664532,,4ב12דנונה 3% בטעמים 150 גר',2020/05/03,06:00:00,2020/05/31,23:59:00,4,12,2
555,72906,,7290006664693,,4ב12דנונה 3% בטעמים 150 גר',2020/05/03,06:00:00,2020/05/31,23:59:00,4,12,2
556,72906,,7290106668713,,4ב12דנונה 3% בטעמים 150 גר',2020/05/03,06:00:00,2020/05/31,23:59:00,4,12,2
557,72906,,7290013608956,,"12.90מיץ אשכוליות אדומה/תפוזים אורגני 750 מ""ל שטראוס",2020/05/03,06:00:00,2020/05/31,23:59:00,1,12.90,0
558,72906,,40111216,,4ב10חטיף בודד סניקרס/טוויקס/מרס/באונטי,2020/05/03,06:00:00,2020/05/30,23:59:00,4,10,4.39
559,72906,,5000159407236,,4ב10חטיף בודד סניקרס/טוויקס/מרס/באונטי,2020/05/03,06:00:00,2020/05/30,23:59:00,4,10,5
560,72906,,5000159459228,,4ב10חטיף בודד סניקרס/טוויקס/מרס/באונטי,2020/05/03,06:00:00,2020/05/30,23:59:00,4,10,4.39
561,72906,,5000159461122,,4ב10חטיף בודד סניקרס/טוויקס/מרס/באונטי,2020/05/03,06:00:00,2020/05/30,23:59:00,4,10,4.39
562,72906,,5000159486972,,4ב10חטיף בודד סניקרס/טוויקס/מרס/באונטי,2020/05/03,06:00:00,2020/05/30,23:59:00,4,10,5.43
563,72906,,7290000521008,,"3ב50יינות סגל 750 מ""ל ברקן",2020/05/03,06:00:00,2020/05/30,23:59:00,3,50,2.18
564,72906,,7290000521015,,"3ב50יינות סגל 750 מ""ל ברקן",2020/05/03,06:00:00,2020/05/30,23:59:00,3,50,2.18
565,72906,,7290000521022,,"3ב50יינות סגל 750 מ""ל ברקן",2020/05/03,06:00:00,2020/05/30,23:59:00,3,50,2.18
566,72906,,7290100850459,,19.90מיקס ירוק 390 גר' עלית,2020/05/03,06:00:00,2020/05/30,23:59:00,1,19.90,5.10
567,72906,,7290112335043,,2ב10מרשמלו בזוקה/וניל 150 גר' עלית,2020/05/03,06:00:00,2020/05/30,23:59:00,2,10,3.33
568,72906,,7290112335050,,2ב10מרשמלו בזוקה/וניל 150 גר' עלית,2020/05/03,06:00:00,2020/05/30,23:59:00,2,10,3.33
569,72906,,7290005201882,,14.90קפה טורקי 200 גר' שקית עלית,2020/05/03,06:00:00,2020/05/30,23:59:00,1,14.90,7.45
570,72906,,7290112349545,,14.90קפה טורקי 200 גר' שקית עלית,2020/05/03,06:00:00,2020/05/30,23:59:00,1,14.90,6.21
571,72906,,7290000303581,,2ב10שימורי קטניות פרי גליל-תירס/אפונה/אפונה וגזר/חומוס,2020/05/03,06:00:00,2020/05/30,23:59:00,2,10,0.89
572,72906,,7290000303598,,2ב10שימורי קטניות פרי גליל-תירס/אפונה/אפונה וגזר/חומוס,2020/05/03,06:00:00,2020/05/30,23:59:00,2,10,0.91
573,72906,,7290000303604,,2ב10שימורי קטניות פרי גליל-תירס/אפונה/אפונה וגזר/חומוס,2020/05/03,06:00:00,2020/05/30,23:59:00,2,10,0.83
574,72906,,7290000307015,,2ב10שימורי קטניות פרי גליל-תירס/אפונה/אפונה וגזר/חומוס,2020/05/03,06:00:00,2020/05/30,23:59:00,2,10,0.83
575,72906,,7290000307046,,2ב10שימורי קטניות פרי גליל-תירס/אפונה/אפונה וגזר/חומוס,2020/05/03,06:00:00,2020/05/30,23:59:00,2,10,0.91
576,72906,,7290000307237,,2ב10שימורי קטניות פרי גליל-תירס/אפונה/אפונה וגזר/חומוס,2020/05/03,06:00:00,2020/05/30,23:59:00,2,10,0.91
577,72906,,7290000060217,,3ב15.90פסטה/ספגטי 400-500 גר' אסם,2020/05/03,06:00:00,2020/05/30,23:59:00,3,15.90,1.06
578,72906,,7290000060248,,3ב15.90פסטה/ספגטי 400-500 גר' אסם,2020/05/03,06:00:00,2020/05/30,23:59:00,3,15.90,1.06
579,72906,,7290000060781,,3ב15.90פסטה/ספגטי 400-500 גר' אסם,2020/05/03,06:00:00,2020/05/30,23:59:00,3,15.90,1.06
580,72906,,7290000060828,,3ב15.90פסטה/ספגטי 400-500 גר' אסם,2020/05/03,06:00:00,2020/05/30,23:59:00,3,15.90,1.06
581,72906,,7290000060842,,3ב15.90פסטה/ספגטי 400-500 גר' אסם,2020/05/03,06:00:00,2020/05/30,23:59:00,3,15.90,1.06
582,72906,,7290000060859,,3ב15.90פסטה/ספגטי 400-500 גר' אסם,2020/05/03,06:00:00,2020/05/30,23:59:00,3,15.90,1.06
583,72906,,7290000060880,,3ב15.90פסטה/ספגטי 400-500 גר' אסם,2020/05/03,06:00:00,2020/05/30,23:59:00,3,15.90,1.06
584,72906,,7290100684139,,3ב15.90פסטה/ספגטי 400-500 גר' אסם,2020/05/03,06:00:00,2020/05/30,23:59:00,3,15.90,1.06
585,72906,,7290105694614,,3ב15.90פסטה/ספגטי 400-500 גר' אסם,2020/05/03,06:00:00,2020/05/30,23:59:00,3,15.90,1.06
586,72906,,7290107871990,,3ב15.90פסטה/ספגטי 400-500 גר' אסם,2020/05/03,06:00:00,2020/05/30,23:59:00,3,15.90,1.06
587,72906,,7290112964410,,"2ב20רטבים 290 מ""ל אסם-שום/אלף האיים/קיסר/ויניגרט/חרדל ודבש",2020/05/03,06:00:00,2020/05/30,23:59:00,2,20,3.45
588,72906,,7290112964434,,"2ב20רטבים 290 מ""ל אסם-שום/אלף האיים/קיסר/ויניגרט/חרדל ודבש",2020/05/03,06:00:00,2020/05/30,23:59:00,2,20,3.45
589,72906,,7290112964472,,"2ב20רטבים 290 מ""ל אסם-שום/אלף האיים/קיסר/ויניגרט/חרדל ודבש",2020/05/03,06:00:00,2020/05/30,23:59:00,2,20,3.45
590,72906,,7290000070322,,19.90אבקת מרק 400 גר' בטעם פטריות/בצל/עגבניות,2020/05/03,06:00:00,2020/05/30,23:59:00,1,19.90,4.98
591,72906,,7290000070353,,19.90אבקת מרק 400 גר' בטעם פטריות/בצל/עגבניות,2020/05/03,06:00:00,2020/05/30,23:59:00,1,19.90,4.98
592,72906,,7290112968586,,19.90אבקת מרק 400 גר' בטעם פטריות/בצל/עגבניות,2020/05/03,06:00:00,2020/05/30,23:59:00,1,19.90,4.98
593,72906,,7290000061061,,3ב18לחמיות/קרקרים אסם עד 300 גר',2020/05/03,06:00:00,2020/05/30,23:59:00,3,18,2.40
594,72906,,7290000074252,,3ב18לחמיות/קרקרים אסם עד 300 גר',2020/05/03,06:00:00,2020/05/30,23:59:00,3,18,2.40
595,72906,,7290000074290,,3ב18לחמיות/קרקרים אסם עד 300 גר',2020/05/03,06:00:00,2020/05/30,23:59:00,3,18,2.61
596,72906,,7290000074375,,3ב18לחמיות/קרקרים אסם עד 300 גר',2020/05/03,06:00:00,2020/05/30,23:59:00,3,18,4
597,72906,,7290000074481,,3ב18לחמיות/קרקרים אסם עד 300 גר',2020/05/03,06:00:00,2020/05/30,23:59:00,3,18,3.75
598,72906,,7290000075204,,3ב18לחמיות/קרקרים אסם עד 300 גר',2020/05/03,06:00:00,2020/05/30,23:59:00,3,18,2.40
599,72906,,7290000077253,,3ב18לחמיות/קרקרים אסם עד 300 גר',2020/05/03,06:00:00,2020/05/30,23:59:00,3,18,3.16
600,72906,,7290000079233,,3ב18לחמיות/קרקרים אסם עד 300 גר',2020/05/03,06:00:00,2020/05/30,23:59:00,3,18,2.40
601,72906,,7290006983176,,3ב18לחמיות/קרקרים אסם עד 300 גר',2020/05/03,06:00:00,2020/05/30,23:59:00,3,18,2.61
602,72906,,7290106572027,,3ב18לחמיות/קרקרים אסם עד 300 גר',2020/05/03,06:00:00,2020/05/30,23:59:00,3,18,3.16
603,72906,,7290106572065,,3ב18חטיפי פריכיות טורטיה 60 גר' אסם,2020/05/03,06:00:00,2020/05/30,23:59:00,3,18,10
604,72906,,3387390320244,,2ב32פיטנס דגני בוקר,2020/05/03,06:00:00,2020/05/30,23:59:00,2,32,4.27
605,72906,,3387390730852,,2ב32פיטנס דגני בוקר,2020/05/03,06:00:00,2020/05/30,23:59:00,2,32,4.27
606,72906,,7613032045753,,2ב32פיטנס דגני בוקר,2020/05/03,06:00:00,2020/05/30,23:59:00,2,32,4.27
607,72906,,7613033548192,,2ב32פיטנס דגני בוקר,2020/05/03,06:00:00,2020/05/30,23:59:00,2,32,4.27
608,72906,,7613036387798,,2ב32פיטנס דגני בוקר,2020/05/03,06:00:00,2020/05/30,23:59:00,2,32,4.57
609,72906,,7613037686906,,2ב32פיטנס דגני בוקר,2020/05/03,06:00:00,2020/05/30,23:59:00,2,32,4.51
610,72906,,7290000158105,,2ב50עוף טוב שניצל ילדים-דובונים/דינוזאור/היער הקסום,2020/05/03,06:00:00,2020/05/30,23:59:00,2,50,3.57
611,72906,,7290000159010,,2ב50עוף טוב שניצל ילדים-דובונים/דינוזאור/היער הקסום,2020/05/03,06:00:00,2020/05/30,23:59:00,2,50,3.57
612,72906,,8690784514880,,14.90גלייד ספריי מילוי אוטומטי,2020/05/03,06:00:00,2020/05/30,23:59:00,1,14.90,5.54
613,72906,,8690784816885,,14.90גלייד ספריי מילוי אוטומטי,2020/05/03,06:00:00,2020/05/30,23:59:00,1,14.90,5.54
614,72906,,8690784817110,,14.90גלייד ספריי מילוי אוטומטי,2020/05/03,06:00:00,2020/05/30,23:59:00,1,14.90,5.54
615,72906,,7290008945202,,12.90גלילונית 50 יח' משרדית,2020/05/03,06:00:00,2020/05/30,23:59:00,1,12.90,0
616,72906,,7290001865439,,10.90פמילי אל סבון 1 ליטר,2020/05/03,06:00:00,2020/05/30,23:59:00,1,10.90,10.90
617,72906,,7290001865453,,10.90פמילי אל סבון 1 ליטר,2020/05/03,06:00:00,2020/05/30,23:59:00,1,10.90,10.90
618,72906,,7290012193163,,10.90פמילי אל סבון 1 ליטר,2020/05/03,06:00:00,2020/05/30,23:59:00,1,10.90,1.09
619,72906,,7290016319293,,10.90פמילי אל סבון 1 ליטר,2020/05/03,06:00:00,2020/05/30,23:59:00,1,10.90,10.90
620,72906,,7290016319309,,10.90פמילי אל סבון 1 ליטר,2020/05/03,06:00:00,2020/05/30,23:59:00,1,10.90,10.90
621,72906,,7290000420325,,11.90פופקורן פופסטאר חמישייה,2020/05/03,06:00:00,2020/05/30,23:59:00,1,11.90,2.38
622,72906,,7290000420332,,11.90פופקורן פופסטאר חמישייה,2020/05/03,06:00:00,2020/05/30,23:59:00,1,11.90,2.38
623,72906,,7290011017866,,"4ב12פחיות 330 מ""ל-קוקה קולה/ספרייט/זירו/פאנטה",2020/05/03,06:00:00,2020/05/30,23:59:00,4,12,0.82
624,72906,,7290011017873,,"4ב12פחיות 330 מ""ל-קוקה קולה/ספרייט/זירו/פאנטה",2020/05/03,06:00:00,2020/05/30,23:59:00,4,12,0.82
625,72906,,7290011017880,,"4ב12פחיות 330 מ""ל-קוקה קולה/ספרייט/זירו/פאנטה",2020/05/03,06:00:00,2020/05/30,23:59:00,4,12,0.82
626,72906,,7290011018443,,"4ב12פחיות 330 מ""ל-קוקה קולה/ספרייט/זירו/פאנטה",2020/05/03,06:00:00,2020/05/30,23:59:00,4,12,0.82
627,72906,,7290013585233,,"4ב12פחיות 330 מ""ל-קוקה קולה/ספרייט/זירו/פאנטה",2020/05/03,06:00:00,2020/05/30,23:59:00,4,12,0.82
628,72906,,7290110110659,,"4ב12פחיות 330 מ""ל-קוקה קולה/ספרייט/זירו/פאנטה",2020/05/03,06:00:00,2020/05/30,23:59:00,4,12,0.82
629,72906,,7290002331322,,10.90נביעות 1.5 ליטר שישייה,2020/05/03,06:00:00,2020/05/30,23:59:00,1,10.90,1.21
630,72906,,7290013585554,,14.90קינלי סודה 1.5 ליטר שישייה,2020/05/03,06:00:00,2020/05/30,23:59:00,1,14.90,0.17
631,72906,,8000380003723,,3ב36גרנד פטיסרי/קוארדטיני/גרדנה/טורטינה,2020/05/03,06:00:00,2020/05/30,23:59:00,3,36,36
632,72906,,8000380003761,,3ב36גרנד פטיסרי/קוארדטיני/גרדנה/טורטינה,2020/05/03,06:00:00,2020/05/30,23:59:00,3,36,36
633,72906,,8000380004881,,3ב36גרנד פטיסרי/קוארדטיני/גרדנה/טורטינה,2020/05/03,06:00:00,2020/05/30,23:59:00,3,36,5.45
634,72906,,8000380004911,,3ב36גרנד פטיסרי/קוארדטיני/גרדנה/טורטינה,2020/05/03,06:00:00,2020/05/30,23:59:00,3,36,4.80
635,72906,,8000380004966,,3ב36גרנד פטיסרי/קוארדטיני/גרדנה/טורטינה,2020/05/03,06:00:00,2020/05/30,23:59:00,3,36,4.80
636,72906,,8000380005598,,3ב36גרנד פטיסרי/קוארדטיני/גרדנה/טורטינה,2020/05/03,06:00:00,2020/05/30,23:59:00,3,36,9.60
637,72906,,8000380007257,,3ב36גרנד פטיסרי/קוארדטיני/גרדנה/טורטינה,2020/05/03,06:00:00,2020/05/30,23:59:00,3,36,6
638,72906,,8000380106028,,3ב36גרנד פטיסרי/קוארדטיני/גרדנה/טורטינה,2020/05/03,06:00:00,2020/05/30,23:59:00,3,36,9.60
639,72906,,8000380144044,,3ב36גרנד פטיסרי/קוארדטיני/גרדנה/טורטינה,2020/05/03,06:00:00,2020/05/30,23:59:00,3,36,6
640,72906,,8000380153534,,3ב36גרנד פטיסרי/קוארדטיני/גרדנה/טורטינה,2020/05/03,06:00:00,2020/05/30,23:59:00,3,36,9.60
641,72906,,8000380180837,,3ב36גרנד פטיסרי/קוארדטיני/גרדנה/טורטינה,2020/05/03,06:00:00,2020/05/30,23:59:00,3,36,36
642,72906,,8000380192151,,3ב36גרנד פטיסרי/קוארדטיני/גרדנה/טורטינה,2020/05/03,06:00:00,2020/05/30,23:59:00,3,36,9.60
643,72906,,8000380192588,,3ב36גרנד פטיסרי/קוארדטיני/גרדנה/טורטינה,2020/05/03,06:00:00,2020/05/30,23:59:00,3,36,4.80
644,72906,,64144090013,,13.90שמן פאם,2020/05/03,06:00:00,2020/05/30,23:59:00,1,13.90,9.86
645,72906,,64144090020,,13.90שמן פאם,2020/05/03,06:00:00,2020/05/30,23:59:00,1,13.90,9.86
646,72906,,64144090051,,13.90שמן פאם,2020/05/03,06:00:00,2020/05/30,23:59:00,1,13.90,9.39
647,72906,,7290017088051,,3ב85חיתולים בייביסיטר 3-6,2020/05/03,06:00:00,2020/05/30,23:59:00,3,85,0
648,72906,,7290017088075,,3ב85חיתולים בייביסיטר 3-6,2020/05/03,06:00:00,2020/05/30,23:59:00,3,85,0
649,72906,,7290017088082,,3ב85חיתולים בייביסיטר 3-6,2020/05/03,06:00:00,2020/05/30,23:59:00,3,85,0
650,72906,,7290017088099,,3ב85חיתולים בייביסיטר 3-6,2020/05/03,06:00:00,2020/05/30,23:59:00,3,85,0
651,72906,,7290003026036,,21.90קמיל בלו סנסיטיב 1 ליטר אל סבון/שמפו,2020/05/03,06:00:00,2020/05/30,23:59:00,1,21.90,21.90
652,72906,,7290003026227,,21.90קמיל בלו סנסיטיב 1 ליטר אל סבון/שמפו,2020/05/03,06:00:00,2020/05/30,23:59:00,1,21.90,21.90
653,72906,,7290011525712,,21.90קמיל בלו סנסיטיב 1 ליטר אל סבון/שמפו,2020/05/03,06:00:00,2020/05/30,23:59:00,1,21.90,21.90
654,72906,,7290017917450,,21.90קמיל בלו סנסיטיב 1 ליטר אל סבון/שמפו,2020/05/03,06:00:00,2020/05/30,23:59:00,1,21.90,2.19
655,72906,,7290000208336,,4ב11.90רסק עגבניות 260 גר' יכין/פרי מבורך,2020/05/03,06:00:00,2020/05/30,23:59:00,4,11.90,1.14
656,72906,,7290000207162,,8ב11.90רסק עגבניות 100 גר' יכין/פרי מבורך,2020/05/03,06:00:00,2020/05/30,23:59:00,8,11.90,11.90
657,72906,,7290101866633,,24.90קליה ג'ל 3 ליטר,2020/05/03,06:00:00,2020/05/30,23:59:00,1,24.90,8.30
658,72906,,7290101866787,,24.90קליה ג'ל 3 ליטר,2020/05/03,06:00:00,2020/05/30,23:59:00,1,24.90,0.83
659,72906,,5900627063233,,34.90פיניש טבליות 50 יח',2020/05/03,06:00:00,2020/05/30,23:59:00,1,34.90,0
660,72906,,8715700423906,,9.90היינץ מתבל עגבניות 555 גר',2020/05/03,06:00:00,2020/05/30,23:59:00,1,9.90,1.78
661,72906,,8714599513866,,26.90ג'יקובס קרוננג 200 גר',2020/05/03,06:00:00,2020/05/30,23:59:00,1,26.90,13.45
662,72906,,8714599513781,,26.90ג'יקובס גולד 200 גר',2020/05/03,06:00:00,2020/05/30,23:59:00,1,26.90,13.45
663,72906,,8712400802499,,59.90נוטרילון 800 גר',2020/05/03,06:00:00,2020/05/30,23:59:00,1,59.90,7.49
664,72906,,8712400802512,,59.90נוטרילון 800 גר',2020/05/03,06:00:00,2020/05/30,23:59:00,1,59.90,7.49
665,72906,,8712400802536,,59.90נוטרילון 800 גר',2020/05/03,06:00:00,2020/05/30,23:59:00,1,59.90,7.49
666,72906,,5410126116953,,19.90ממרח עוגיות לוטוס 380/400 גר',2020/05/03,06:00:00,2020/05/30,23:59:00,1,19.90,4.98
667,72906,,5410126726947,,19.90ממרח עוגיות לוטוס 380/400 גר',2020/05/03,06:00:00,2020/05/30,23:59:00,1,19.90,5.24
668,72906,,38000138607,,2ב18פרינגלס 149-158 גר',2020/05/03,06:00:00,2020/05/30,23:59:00,2,18,5.70
669,72906,,38000138638,,2ב18פרינגלס 149-158 גר',2020/05/03,06:00:00,2020/05/30,23:59:00,2,18,5.70
670,72906,,38000138720,,2ב18פרינגלס 149-158 גר',2020/05/03,06:00:00,2020/05/30,23:59:00,2,18,5.70
671,72906,,38000232152,,2ב18פרינגלס 149-158 גר',2020/05/03,06:00:00,2020/05/30,23:59:00,2,18,5.70
672,72906,,38000232176,,2ב18פרינגלס 149-158 גר',2020/05/03,06:00:00,2020/05/30,23:59:00,2,18,5.70
673,72906,,38000232183,,2ב18פרינגלס 149-158 גר',2020/05/03,06:00:00,2020/05/30,23:59:00,2,18,6.04
674,72906,,5410126006087,,19.90עוגיות לוטוס 700 גר',2020/05/03,06:00:00,2020/05/30,23:59:00,1,19.90,2.84
675,72906,,8690777204071,,2ב22ירקות קלויים SERA,2020/05/03,06:00:00,2020/05/30,23:59:00,2,22,1.72
676,72906,,8690777206051,,2ב22ירקות קלויים SERA,2020/05/03,06:00:00,2020/05/30,23:59:00,2,22,1.69
677,72906,,8690777221405,,2ב22ירקות קלויים SERA,2020/05/03,06:00:00,2020/05/30,23:59:00,2,22,1.69
678,72906,,7622201139278,,12.90גבינת פילדלפיה 150 גר' 27%,2020/05/03,06:00:00,2020/05/30,23:59:00,1,12.90,8.60
679,72906,,7290008464130,,"31.90בירה גולדסטאר לא מסוננת 330 מ""ל שישייה",2020/05/03,06:00:00,2020/05/30,23:59:00,1,31.90,1.52
680,72906,,5411188081852,,3ב30אלפרו משקאות סויה 1 ליטר,2020/05/03,06:00:00,2020/05/30,23:59:00,3,30,1
681,72906,,5411188300328,,3ב30אלפרו משקאות סויה 1 ליטר,2020/05/03,06:00:00,2020/05/30,23:59:00,3,30,1
682,72906,,7290002541370,,3ב30אלפרו משקאות סויה 1 ליטר,2020/05/03,06:00:00,2020/05/30,23:59:00,3,30,1000
683,72906,,7290002541981,,3ב30אלפרו משקאות סויה 1 ליטר,2020/05/03,06:00:00,2020/05/30,23:59:00,3,30,1000
684,72906,,7290000107189,,18.90סנפרוסט ארטישוק תחתיות 400 גר',2020/05/03,06:00:00,2020/05/30,23:59:00,1,18.90,4.73
685,72906,,7290002900566,,25.90פסטרמות ארוז 300-400 גר' טירת צבי,2020/05/03,06:00:00,2020/05/30,23:59:00,1,25.90,7.19
686,72906,,7290003229147,,25.90פסטרמות ארוז 300-400 גר' טירת צבי,2020/05/03,06:00:00,2020/05/30,23:59:00,1,25.90,8.63
687,72906,,7290003229154,,25.90פסטרמות ארוז 300-400 גר' טירת צבי,2020/05/03,06:00:00,2020/05/30,23:59:00,1,25.90,8.63
688,72906,,7290013906205,,25.90פסטרמות ארוז 300-400 גר' טירת צבי,2020/05/03,06:00:00,2020/05/30,23:59:00,1,25.90,6.48
689,72906,,7290003189076,,16.90פיצרלה מגורדת 22% כפיר 500 גר',2020/05/03,06:00:00,2020/05/30,23:59:00,1,16.90,3.38
690,72906,,3600522344070,,19.90אלביב מסכה  300 גר',2020/05/03,06:00:00,2020/05/30,23:59:00,1,19.90,6.63
691,72906,,3600523642489,,19.90אלביב מסכה  300 גר',2020/05/03,06:00:00,2020/05/30,23:59:00,1,19.90,6.63
692,72906,,3600521720219,,39.90לוריאל קרם לחות פנים,2020/05/03,06:00:00,2020/05/30,23:59:00,1,39.90,79.80
693,72906,,3600542232036,,39.90לוריאל קרם לחות פנים,2020/05/03,06:00:00,2020/05/30,23:59:00,1,39.90,79.80
694,72906,,5410103161518,,39.90לוריאל קרם לחות פנים,2020/05/03,06:00:00,2020/05/30,23:59:00,1,39.90,79.80
695,72906,,5410103161617,,39.90לוריאל קרם לחות פנים,2020/05/03,06:00:00,2020/05/30,23:59:00,1,39.90,79.80
696,72906,,7290000074184,,9.90פתי בר קלאסי 500 גר' אסם,2020/05/03,06:00:00,2020/05/30,23:59:00,1,9.90,1.98
697,72906,,7290002319023,,6ב10אבקת אפיה/סוכר וניל עשיריות מיה,2020/05/03,06:00:00,2020/05/30,23:59:00,6,10,10
698,72906,,7290002319061,,4ב10קוקוס/שמומשום 100 גר' מיה,2020/05/03,06:00:00,2020/05/30,23:59:00,4,10,10
699,72906,,7290002319078,,4ב10קוקוס/שמומשום 100 גר' מיה,2020/05/03,06:00:00,2020/05/30,23:59:00,4,10,10
700,72906,,7290011254728,,"2ב20ג'לטין 25 גר' בד""צ מיה",2020/05/03,06:00:00,2020/05/30,23:59:00,2,20,40
701,72906,,7290002319375,,3ב12קורנפלור 200 גר' מיה,2020/05/03,06:00:00,2020/05/30,23:59:00,3,12,2
702,72906,,7290002319771,,3ב10תמצית אפיה בטעם וניל/רום מיה,2020/05/03,06:00:00,2020/05/30,23:59:00,3,10,6.67
703,72906,,7290002319788,,3ב10תמצית אפיה בטעם וניל/רום מיה,2020/05/03,06:00:00,2020/05/30,23:59:00,3,10,5.56
704,72906,,7290003681365,,2ב10קישוט לעוגה 70 גר' צנצנת מיה,2020/05/03,06:00:00,2020/05/30,23:59:00,2,10,2.50
705,72906,,7290102840175,,4ב10פודינג/ג'לי מיה 85-90 גר',2020/05/03,06:00:00,2020/05/30,23:59:00,4,10,2.94
706,72906,,7290102840182,,4ב10פודינג/ג'לי מיה 85-90 גר',2020/05/03,06:00:00,2020/05/30,23:59:00,4,10,2.94
707,72906,,7290102840199,,4ב10פודינג/ג'לי מיה 85-90 גר',2020/05/03,06:00:00,2020/05/30,23:59:00,4,10,2.78
708,72906,,7290001041123,,2ב15שקדים מולבנים 100 גר' מיה,2020/05/03,06:00:00,2020/05/30,23:59:00,2,15,15
709,72906,,7290002319047,,2ב15שקדים מולבנים 100 גר' מיה,2020/05/03,06:00:00,2020/05/30,23:59:00,2,15,15
710,72906,,7290008636933,,2ב15שקדים מולבנים 100 גר' מיה,2020/05/03,06:00:00,2020/05/30,23:59:00,2,15,15
711,72906,,7290008636957,,2ב15שקדים מולבנים 100 גר' מיה,2020/05/03,06:00:00,2020/05/30,23:59:00,2,15,15
712,72906,,7290008636964,,2ב15שקדים מולבנים 100 גר' מיה,2020/05/03,06:00:00,2020/05/30,23:59:00,2,15,15
713,72906,,7290008636971,,2ב15שקדים מולבנים 100 גר' מיה,2020/05/03,06:00:00,2020/05/30,23:59:00,2,15,15
714,72906,,7290010153817,,9.90ריבת חלב 400 גר' מיה,2020/05/03,06:00:00,2020/05/30,23:59:00,1,9.90,3.30
715,72906,,7290010153879,,9.90ריבת חלב 400 גר' מיה,2020/05/03,06:00:00,2020/05/30,23:59:00,1,9.90,2.48
716,72906,,7290013677747,,6.90אבקת שוקו 500 גר' מיה,2020/05/03,06:00:00,2020/05/30,23:59:00,1,6.90,1.38
717,72906,,7290014325050,,2ב15קורנפלור 500 גר' מיה,2020/05/03,06:00:00,2020/05/30,23:59:00,2,15,1.50
718,72906,,7290001041260,,9.90קוקוס/שומשום 400 גר' מיה,2020/05/03,06:00:00,2020/05/30,23:59:00,1,9.90,2.48
719,72906,,7290003681334,,9.90קוקוס/שומשום 400 גר' מיה,2020/05/03,06:00:00,2020/05/30,23:59:00,1,9.90,2.48
720,72906,,7290008636919,,9.90אבקת קקאו הולנדי 250 גר' שקית מיה,2020/05/03,06:00:00,2020/05/30,23:59:00,1,9.90,3.96
721,72906,,7290015781008,,"2ב55יינות 750 מ""ל VISION טפרברג",2020/05/03,06:00:00,2020/05/30,23:59:00,2,55,3.63
722,72906,,7290015781046,,"2ב55יינות 750 מ""ל VISION טפרברג",2020/05/03,06:00:00,2020/05/30,23:59:00,2,55,3.63
723,72906,,7290015781091,,"2ב55יינות 750 מ""ל VISION טפרברג",2020/05/03,06:00:00,2020/05/30,23:59:00,2,55,3.63
724,72906,,7290015781299,,"2ב55יינות 750 מ""ל VISION טפרברג",2020/05/03,06:00:00,2020/05/30,23:59:00,2,55,3.63
725,72906,,7290015781275,,"2ב50יינות מוסקטו לבן/אדום 750 מ""ל טפרברג",2020/05/03,06:00:00,2020/05/30,23:59:00,2,50,3.29
726,72906,,7290015781107,,"2ב70יינות 750 מ""ל IMPRESSION טפרברג",2020/05/03,06:00:00,2020/05/30,23:59:00,2,70,4.63
727,72906,,7290015781121,,"2ב70יינות 750 מ""ל IMPRESSION טפרברג",2020/05/03,06:00:00,2020/05/30,23:59:00,2,70,4.63
728,72906,,7290015781305,,"2ב70יינות 750 מ""ל IMPRESSION טפרברג",2020/05/03,06:00:00,2020/05/30,23:59:00,2,70,4.63
729,72906,,7290017289090,,"19.90יינות 750 מ""ל ממלכת יהודה טפרברג",2020/05/03,06:00:00,2020/05/30,23:59:00,1,19.90,2.61
730,72906,,7290017289106,,"19.90יינות 750 מ""ל ממלכת יהודה טפרברג",2020/05/03,06:00:00,2020/05/30,23:59:00,1,19.90,2.61
731,72906,,7290017289120,,"19.90יינות 750 מ""ל ממלכת יהודה טפרברג",2020/05/03,06:00:00,2020/05/30,23:59:00,1,19.90,2.61
732,72906,,7290017289137,,"19.90יינות 750 מ""ל ממלכת יהודה טפרברג",2020/05/03,06:00:00,2020/05/30,23:59:00,1,19.90,2.61
733,72906,,7290017289168,,"17.90יינות 750 מ""ל ישראלי טפרברג",2020/05/03,06:00:00,2020/05/30,23:59:00,1,17.90,2.35
734,72906,,7290017289175,,"17.90יינות 750 מ""ל ישראלי טפרברג",2020/05/03,06:00:00,2020/05/30,23:59:00,1,17.90,2.35
735,72906,,7290017289182,,"17.90יינות 750 מ""ל ישראלי טפרברג",2020/05/03,06:00:00,2020/05/30,23:59:00,1,17.90,2.35
736,72906,,7290017289205,,"17.90יינות 750 מ""ל ישראלי טפרברג",2020/05/03,06:00:00,2020/05/30,23:59:00,1,17.90,2.35
737,72906,,7290008836265,,"יינות נינוה מוסקט המבורג/אלכסנדרוני 750 מ""ל טפרברג",2020/05/03,06:00:00,2020/05/30,23:59:00,2,40,2.63
738,72906,,7290008836272,,"יינות נינוה מוסקט המבורג/אלכסנדרוני 750 מ""ל טפרברג",2020/05/03,06:00:00,2020/05/30,23:59:00,2,40,2.63
739,72906,,7290006696595,,"16.90יינות מאז ועד עולם 750 מ""ל טפרברג",2020/05/03,06:00:00,2020/05/30,23:59:00,1,16.90,1.66
740,72906,,7290008836005,,"16.90יינות מאז ועד עולם 750 מ""ל טפרברג",2020/05/03,06:00:00,2020/05/30,23:59:00,1,16.90,2.21
741,72906,,7290008836401,,"16.90יינות מאז ועד עולם 750 מ""ל טפרברג",2020/05/03,06:00:00,2020/05/30,23:59:00,1,16.90,1.66
742,72906,,7290015781657,,"29.90אלגרו למברוסקו אדום/לבן 750 מ""ל טפרברג",2020/05/03,06:00:00,2020/05/30,23:59:00,1,29.90,3.95
743,72906,,7290015781664,,"29.90אלגרו למברוסקו אדום/לבן 750 מ""ל טפרברג",2020/05/03,06:00:00,2020/05/30,23:59:00,1,29.90,3.95
744,72906,,7290002077725,,2ב30סלמון מעושן דלידג 100 גר',2020/05/03,06:00:00,2020/05/30,23:59:00,2,30,30
745,72906,,8000500249352,,16.90קינדר בואנו מיני מיקס,2020/05/03,06:00:00,2020/05/30,23:59:00,1,16.90,0
746,72906,,8000500256213,,8.90קינדר שוקולד מיני 120 גר',2020/05/03,06:00:00,2020/05/30,23:59:00,1,8.90,7.42
747,72906,,8719128110318,,"2ב29סירופים 500 מ""ל סודה סטרים",2020/05/03,06:00:00,2020/05/30,23:59:00,2,29,2.90
748,72906,,8719128110349,,"2ב29סירופים 500 מ""ל סודה סטרים",2020/05/03,06:00:00,2020/05/30,23:59:00,2,29,2.90
749,72906,,8719128110387,,"2ב29סירופים 500 מ""ל סודה סטרים",2020/05/03,06:00:00,2020/05/30,23:59:00,2,29,2.90
750,72906,,8719128110394,,"2ב29סירופים 500 מ""ל סודה סטרים",2020/05/03,06:00:00,2020/05/30,23:59:00,2,29,2.90
751,72906,,3073780828628,,12.90גבינה בייבי בל אדם 120 גר',2020/05/03,06:00:00,2020/05/30,23:59:00,1,12.90,10.75
752,72906,,7290102300853,,16.90גבינה צ'דר 200 גר' סיימן,2020/05/03,06:00:00,2020/05/30,23:59:00,1,16.90,8.45
753,72906,,7290102300822,,2ב30גבינה צ'דר אנגלית 200 גר' סיימן,2020/05/03,06:00:00,2020/05/30,23:59:00,2,30,7.50
754,72906,,7290102302833,,15.90גבינה גאודה בקר פרוסה 150 גר' סיימן,2020/05/03,06:00:00,2020/05/30,23:59:00,1,15.90,10.60
755,72906,,7640101090833,,2ב16מוצרלה כדור 125 גר' סיימן,2020/05/03,06:00:00,2020/05/30,23:59:00,2,16,6.40
756,72906,,7290008462259,,12.90חרדל דיז'ון גרגירים 380 גר',2020/05/03,06:00:00,2020/05/30,23:59:00,1,12.90,3.39
757,72906,,3178530402353,,2ב18עוגיות גלאט חמאה 150 גר'/מדליין 175 גר',2020/05/03,06:00:00,2020/05/30,23:59:00,2,18,5.14
758,72906,,3178530407938,,2ב18עוגיות גלאט חמאה 150 גר'/מדליין 175 גר',2020/05/03,06:00:00,2020/05/30,23:59:00,2,18,5.14
759,72906,,3178530411478,,2ב18עוגיות גלאט חמאה 150 גר'/מדליין 175 גר',2020/05/03,06:00:00,2020/05/30,23:59:00,2,18,6
760,72906,,5014271300429,,15.90מעדני סנט דלפור 284 גר',2020/05/03,06:00:00,2020/05/30,23:59:00,1,15.90,5.60
761,72906,,5014271310428,,15.90מעדני סנט דלפור 284 גר',2020/05/03,06:00:00,2020/05/30,23:59:00,1,15.90,5.60
762,72906,,5014271330426,,15.90מעדני סנט דלפור 284 גר',2020/05/03,06:00:00,2020/05/30,23:59:00,1,15.90,5.60
763,72906,,5014271350424,,15.90מעדני סנט דלפור 284 גר',2020/05/03,06:00:00,2020/05/30,23:59:00,1,15.90,5.60
764,72906,,5014271370422,,15.90מעדני סנט דלפור 284 גר',2020/05/03,06:00:00,2020/05/30,23:59:00,1,15.90,5.60
765,72906,,5014271390420,,15.90מעדני סנט דלפור 284 גר',2020/05/03,06:00:00,2020/05/30,23:59:00,1,15.90,5.60
766,72906,,5014271400426,,15.90מעדני סנט דלפור 284 גר',2020/05/03,06:00:00,2020/05/30,23:59:00,1,15.90,5.60
767,72906,,5014271560427,,15.90מעדני סנט דלפור 284 גר',2020/05/03,06:00:00,2020/05/30,23:59:00,1,15.90,5.60
768,72906,,5014271795980,,15.90מעדני סנט דלפור 284 גר',2020/05/03,06:00:00,2020/05/30,23:59:00,1,15.90,5.60
769,72906,,2519409,,49.90צוואר/ צלעות  טרי חלק  מעל 100 מוגבל ל3 קג,2020/03/01,06:00:00,2020/05/30,23:59:00,1,49.90,0
770,72906,,2086,,2ב35 תמר מגהול 1קג,2020/03/11,06:00:00,2020/05/30,23:59:00,2,35,0
771,72906,,8577267,,9.90 עוף טרי שלם ארוז מעל 100 מוגבל 4קג,2020/05/03,06:00:00,2020/05/30,23:00:00,1,9.90,0
772,72906,,6131706,,4ב100פילה אמנון (מושט) קפוא,2020/04/14,06:00:00,2020/05/16,23:59:00,4,100,2.50
773,72906,,7290000652542,,4ב100פילה אמנון (מושט) קפוא,2020/04/14,06:00:00,2020/05/16,23:59:00,4,100,2.50
774,72906,,633800,,14.90כנפיים עוף קפוא- עטרה,2020/05/03,06:00:00,2020/05/30,23:55:00,1,14.90,1.49
775,72906,,2206040,,8.90כנפיים עוף טרי ארוז מעל 100 מוגבלל 3 קג,2020/04/27,06:00:00,2020/05/10,23:59:00,1,8.90,0
776,72906,,1516065,,2ב75חזה עוף פרוס דק דק טרי ארוז מעל 100 מוגבל למימוש,2020/04/27,06:00:00,2020/05/10,23:59:00,2,75,0
777,72906,,2206064,,2ב70שניצל עוף טרי ארוז מעל 100 מוגבל למימוש,2020/04/27,06:00:00,2020/05/10,23:59:00,2,70,0
778,72906,,7290000144160,,"29.90שמן זית כתית מעולה 750 מ""ל ""עץ הזית""",2020/05/03,06:00:00,2020/05/30,23:55:00,1,29.90,3.99
779,72906,,7290002692478,,"29.90שמן זית כתית מעולה 750 מ""ל ""עץ הזית""",2020/05/03,06:00:00,2020/05/30,23:55:00,1,29.90,3.99
780,72906,,9391,,39.90אוסובקו טרי כשר מעל 100 מוגבל ל3 קג,2020/05/03,06:00:00,2020/05/07,23:59:00,1,39.90,39.90
781,72906,,7290100858653,,19.90חטיפי מיקס עלית 390 גר (סגול),2020/05/03,06:00:00,2020/05/30,23:59:00,1,19.90,5.10
782,72906,,7290002150732,,2ב22מגוון חמים וטעים 400-500 גר,2020/05/03,06:00:00,2020/05/30,23:59:00,2,22,2.75
783,72906,,7290002150794,,2ב22מגוון חמים וטעים 400-500 גר,2020/05/03,06:00:00,2020/05/30,23:59:00,2,22,2.75
784,72906,,7290002150862,,2ב22מגוון חמים וטעים 400-500 גר,2020/05/03,06:00:00,2020/05/30,23:59:00,2,22,2.75
785,72906,,7290012665059,,2ב22מגוון חמים וטעים 400-500 גר,2020/05/03,06:00:00,2020/05/30,23:59:00,2,22,2.75
786,72906,,7290012665073,,2ב22מגוון חמים וטעים 400-500 גר,2020/05/03,06:00:00,2020/05/30,23:59:00,2,22,2.75
787,72906,,7290012665363,,2ב22מגוון חמים וטעים 400-500 גר,2020/05/03,06:00:00,2020/05/30,23:59:00,2,22,2.75
788,72906,,7290011499327,,14.5 בולגרית מעודנת  250 גר מחלבות גד,2020/05/03,06:00:00,2020/05/30,23:55:00,1,14.50,5.80
789,72906,,7290004122348,,13.90 עמק חצי קשה 9% תנובה 200 גר,2020/05/03,06:00:00,2020/05/29,23:59:00,1,13.90,6.95
790,72906,,7290011499846,,16.90  ריקוטה פרסקה 9% מחלבות גד,2020/05/03,06:00:00,2020/05/29,23:59:00,1,16.90,5.63
791,72906,,7290000554839,,19.90 גבינת שמנת מסקרפונה 250 גר מחלבות גד,2020/05/03,06:00:00,2020/05/29,23:00:00,1,19.90,7.96
792,72906,,7290000075143,,9.90 עוגיות שוקולד ציפס אסם,2020/05/03,06:00:00,2020/05/30,23:59:00,1,9.90,4.95
793,72906,,7290003015627,,14.90 סנו ריצפז פרש 2 ליטר,2020/05/03,06:00:00,2020/05/30,23:59:00,1,14.90,7.45
794,72906,,7290003015634,,14.90 סנו ריצפז פרש 2 ליטר,2020/05/03,06:00:00,2020/05/30,23:59:00,1,14.90,7.45
795,72906,,7290003015641,,14.90 סנו ריצפז פרש 2 ליטר,2020/05/03,06:00:00,2020/05/30,23:59:00,1,14.90,7.45
796,72906,,7290012117350,,14.90 סנו ריצפז פרש 2 ליטר,2020/05/03,06:00:00,2020/05/30,23:59:00,1,14.90,7.45
797,72906,,7290012823589,,14.90 סנו ריצפז פרש 2 ליטר,2020/05/03,06:00:00,2020/05/30,23:59:00,1,14.90,0.01
798,72906,,7290013268884,,14.90 סנו ריצפז פרש 2 ליטר,2020/05/03,06:00:00,2020/05/30,23:59:00,1,14.90,7.45
799,72906,,3014260214692,,4ב40 ג'ל גילוח סירייס 200 מל,2020/05/03,06:00:00,2020/05/30,23:59:00,4,40,5
800,72906,,7702018980833,,4ב40 ג'ל גילוח סירייס 200 מל,2020/05/03,06:00:00,2020/05/30,23:59:00,4,40,4
801,72906,,7290104729003,,26.90 שמן  זית מעולה עדין 750 יד מרדכי,2020/05/03,06:30:00,2020/05/30,23:59:00,1,26.90,3.59
802,72906,,654935,,49.90 שיפודי פרגית קפוא,2020/05/03,06:00:00,2020/05/29,23:00:00,1,49.90,4.99
803,72906,,7290016408294,,2ב8 מרשמלו ורוד לבן כרמית 150 גר,2020/05/03,06:00:00,2020/05/30,23:59:00,2,8,2.67
804,72906,,2132,,2ב15 ברוקולי ארוז,2020/05/03,06:00:00,2020/05/04,23:00:00,2,15,0
805,72906,,2038,,2ב15 פטריות ארוז,2020/05/03,06:00:00,2020/05/04,23:59:00,2,15,0
806,72906,,7290000000374,,2ב15 פטריות ארוז,2020/05/03,06:00:00,2020/05/04,23:59:00,2,15,0
